fedora19,master:215dab864e7cf74394840621ad0754db593708f1,M1,1:19:52,10:50.15,1:15:37,4:04.43,0:31.79,0:15.70,0:01.62,23830924,4898720
fedora19,master:215dab864e7cf74394840621ad0754db593708f1,M1,1:19:19,10:49.73,1:16:39,4:07.12,0:31.76,0:15.55,0:01.62,23830328,4898728
fedora19,master:215dab864e7cf74394840621ad0754db593708f1,M1,1:20:18,10:41.73,1:14:54,4:03.09,0:31.81,0:15.74,0:01.61,23829480,4898648
fedora19,master:215dab864e7cf74394840621ad0754db593708f1,M1,1:20:33,10:50.26,1:15:58,4:02.45,0:31.70,0:15.58,0:01.61,23832888,4898596
fedora19,master:32adaac34a614d106e6dd3e9f1130f4e94ff39ae,M1,1:22:05,10:53.46,1:17:59,4:06.99,0:32.30,0:16.34,0:01.63,23452896,4845032
fedora19,master:32adaac34a614d106e6dd3e9f1130f4e94ff39ae,M1,1:22:08,10:44.90,1:18:08,4:08.53,0:32.26,0:16.37,0:01.63,23450968,4831944
fedora19,master:32adaac34a614d106e6dd3e9f1130f4e94ff39ae,M1,1:22:16,10:47.14,1:18:16,4:09.96,0:32.42,0:16.44,0:01.63,23451320,4830412
fedora19,master:32adaac34a614d106e6dd3e9f1130f4e94ff39ae,M1,1:21:55,10:50.18,1:18:21,4:08.81,0:32.56,0:16.23,0:01.66,23449956,4832396
fedora19,master:32adaac34a614d106e6dd3e9f1130f4e94ff39ae,M1,1:21:47,10:30.88,1:18:55,4:06.99,0:32.40,0:16.43,0:01.65,23450296,4842324
fedora19,master:32adaac34a614d106e6dd3e9f1130f4e94ff39ae,M1,1:23:09,10:45.77,1:18:59,4:09.24,0:32.49,0:16.33,0:01.63,23450156,4831172
fedora19,master:c51730aaa91066cfb51ad6ec2920fb4f9d9ea94c,1.6_M1.rc1,1:18:26,10:28.27,1:15:44,4:03.87,0:32.38,0:16.38,0:01.68,23483724,4826872
fedora19,master:c51730aaa91066cfb51ad6ec2920fb4f9d9ea94c,1.6_M1.rc1,1:16:55,10:32.68,1:14:58,4:00.16,0:32.29,0:16.38,0:01.68,23483660,4850792
fedora19,master:c51730aaa91066cfb51ad6ec2920fb4f9d9ea94c,1.6_M1.rc1,1:17:14,10:22.11,1:15:18,5:06.34,0:32.29,0:16.52,0:01.69,23483480,4838584
fedora19,master:c51730aaa91066cfb51ad6ec2920fb4f9d9ea94c,1.6_M1.rc1,1:17:47,10:25.67,1:15:28,5:06.65,0:32.29,0:16.43,0:01.69,23486588,4813652
fedora19,master:c51730aaa91066cfb51ad6ec2920fb4f9d9ea94c,1.6_M1.rc1,1:17:20,10:28.34,1:15:20,5:06.94,0:32.71,0:16.39,0:01.69,23483404,4815096
fedora19,master:e4c23f7bcb79072ea6028fbdf8f3f0dc17a63371,1.6_M2.rc1,1:17:05,10:27.89,1:15:49,4:15.77,0:32.79,0:16.56,0:01.71,23643524,5000164
fedora19,master:e4c23f7bcb79072ea6028fbdf8f3f0dc17a63371,1.6_M2.rc1,1:18:14,10:26.73,1:15:39,4:09.04,0:32.88,0:16.60,0:01.70,23643940,5000332
fedora19,master:e4c23f7bcb79072ea6028fbdf8f3f0dc17a63371,1.6_M2.rc1,1:17:17,10:25.04,1:16:10,4:09.20,0:32.61,0:16.67,0:01.79,23643600,5000168
fedora19,master:b70a10ca3ee4a0add90d387e2c8288e531aaa47c,1.6_M2.rc2,1:15:04,10:55.55,1:15:15,3:54.65,0:35.24,0:17.23,0:01.79,24047672,5173232
fedora19,master:b70a10ca3ee4a0add90d387e2c8288e531aaa47c,1.6_M2.rc2,1:16:03,10:55.05,1:14:25,3:57.62,0:35.26,0:17.19,0:01.78,24048220,5173036
fedora19,master:b70a10ca3ee4a0add90d387e2c8288e531aaa47c,1.6_M2.rc2,1:14:47,10:46.31,1:14:28,3:58.09,0:35.20,0:17.23,0:01.78,24047648,5173236
fedora19,master:b70a10ca3ee4a0add90d387e2c8288e531aaa47c,1.6_M2.rc2,1:15:31,10:52.50,1:14:40,3:58.47,0:35.60,0:17.27,0:01.79,24055612,5172992
fedora19,master:b70a10ca3ee4a0add90d387e2c8288e531aaa47c,1.6_M2.rc2,1:15:34,10:53.79,1:14:25,4:05.78,0:35.14,0:17.18,0:01.78,24048248,5173188
fedora19,master:b70a10ca3ee4a0add90d387e2c8288e531aaa47c,1.6_M2.rc2,1:15:06,11:02.01,1:14:15,3:54.37,0:35.26,0:17.18,0:01.76,24047632,5173140
fedora19,master:b70a10ca3ee4a0add90d387e2c8288e531aaa47c,1.6_M2.rc2,1:16:39,10:59.66,1:14:49,3:58.97,0:35.35,0:17.31,0:01.78,24053728,5173096
fedora19,master:54562006c1327c5b99daa4cc05a3ba7e38412da1,1.6_M3.rc2,1:18:29,11:00.30,1:18:19,3:57.04,0:35.18,0:17.24,0:01.77,24824112,5325920
fedora19,master:54562006c1327c5b99daa4cc05a3ba7e38412da1,1.6_M3.rc2,1:19:21,10:52.65,1:19:10,4:01.76,0:35.45,0:17.34,0:01.80,24824980,5325920
fedora19,master:54562006c1327c5b99daa4cc05a3ba7e38412da1,1.6_M3.rc2,1:19:16,10:58.05,1:18:36,4:06.80,0:35.22,0:17.21,0:01.79,24824204,5325924
fedora19,master:54562006c1327c5b99daa4cc05a3ba7e38412da1,1.6_M3.rc2,1:19:43,11:04.89,1:18:12,3:59.49,0:35.29,0:17.30,0:01.79,24824184,5326044
fedora19,master:54562006c1327c5b99daa4cc05a3ba7e38412da1,1.6_M3.rc2,1:19:06,10:59.79,1:18:43,4:02.50,0:35.41,0:17.26,0:01.84,24824108,5325804
fedora19,master:54562006c1327c5b99daa4cc05a3ba7e38412da1,1.6_M3.rc2,1:18:46,10:56.41,1:17:48,4:03.89,0:35.28,0:17.11,0:01.78,24826484,5325944
fedora19,master:54562006c1327c5b99daa4cc05a3ba7e38412da1,1.6_M3.rc2,1:17:59,11:06.73,1:17:04,4:04.12,0:35.19,0:17.24,0:01.77,24825060,5325872
fedora19,master:54562006c1327c5b99daa4cc05a3ba7e38412da1,1.6_M3.rc2,1:17:38,11:02.51,1:18:10,4:11.84,0:35.32,0:16.95,0:01.78,24824712,5325928
fedora19,master:54562006c1327c5b99daa4cc05a3ba7e38412da1,1.6_M3.rc2,1:18:20,11:03.54,1:17:07,3:55.11,0:35.43,0:17.20,0:01.78,24824708,5325864
fedora19,master:54562006c1327c5b99daa4cc05a3ba7e38412da1,1.6_M3.rc2,1:18:21,10:59.92,1:16:51,3:57.71,0:35.46,0:17.31,0:01.78,24826880,5325828
fedora19,master:54562006c1327c5b99daa4cc05a3ba7e38412da1,1.6_M3.rc2,1:17:57,10:58.67,1:17:11,3:57.97,0:35.32,0:17.29,0:01.77,24824532,5325784
fedora19,master:e665de5500ab1b44fd59dab897c736c62f487ff2,1.6_M4.rc1,1:15:07,10:59.41,1:15:59,3:58.80,0:34.72,0:16.69,0:01.36,24899940,5337376
fedora19,master:e665de5500ab1b44fd59dab897c736c62f487ff2,1.6_M4.rc1,1:15:22,10:58.00,1:16:22,4:04.73,0:35.00,0:16.68,0:01.36,24899136,5337300
fedora19,master:e665de5500ab1b44fd59dab897c736c62f487ff2,1.6_M4.rc1,1:16:37,11:01.35,1:16:41,4:00.59,0:34.31,0:16.64,0:01.37,24898476,5337292
fedora19,master:e665de5500ab1b44fd59dab897c736c62f487ff2,1.6_M4.rc1,1:16:48,10:57.45,1:16:30,4:02.10,0:34.51,0:16.68,0:01.55,24899516,5337260
fedora19,master:e665de5500ab1b44fd59dab897c736c62f487ff2,1.6_M4.rc1,1:18:35,11:01.09,1:16:04,4:02.01,0:34.28,0:16.69,0:01.38,24898432,5337368
fedora19,master:e665de5500ab1b44fd59dab897c736c62f487ff2,1.6_M4.rc1,1:16:55,10:56.37,1:16:54,4:01.87,0:34.26,0:16.74,0:01.35,24898928,5337400
fedora19,master:e665de5500ab1b44fd59dab897c736c62f487ff2,1.6_M4.rc1,1:17:07,11:05.61,1:16:19,4:05.85,0:34.28,0:16.67,0:01.35,24904828,5337608
fedora19,master:e665de5500ab1b44fd59dab897c736c62f487ff2,1.6_M4.rc1,1:15:37,10:58.38,1:16:49,3:59.66,0:34.23,0:16.37,0:01.34,24901808,5337392
fedora19,master:e665de5500ab1b44fd59dab897c736c62f487ff2,1.6_M4.rc1,1:15:03,10:57.18,1:16:16,4:03.67,0:34.52,0:16.61,0:01.34,24898824,5337332
fedora19,master:e665de5500ab1b44fd59dab897c736c62f487ff2,1.6_M4.rc1,1:15:52,10:58.50,1:16:37,3:59.98,0:34.79,0:16.59,0:01.36,24899228,5337444
fedora19,master:e665de5500ab1b44fd59dab897c736c62f487ff2,1.6_M4.rc1,1:17:11,11:06.15,1:16:56,3:59.74,0:34.41,0:16.69,0:01.36,24904360,5337260
fedora19,master:e665de5500ab1b44fd59dab897c736c62f487ff2,1.6_M4.rc1,1:15:03,11:06.20,1:16:35,4:01.33,0:33.89,0:16.88,0:01.36,24903912,5337344
fedora19,master:e665de5500ab1b44fd59dab897c736c62f487ff2,1.6_M4.rc1,1:15:33,11:01.92,1:16:06,4:01.44,0:34.35,0:16.76,0:01.36,24899276,5337364
fedora19,master:e665de5500ab1b44fd59dab897c736c62f487ff2,1.6_M4.rc1,1:15:47,10:54.57,1:16:41,4:03.46,0:34.46,0:16.75,0:01.35,24900248,5337388
fedora19,master:e665de5500ab1b44fd59dab897c736c62f487ff2,1.6_M4.rc1,1:17:33,10:54.82,1:17:32,4:12.45,0:34.97,0:16.73,0:01.36,24907176,5337396
fedora19,master:ae938eba92b2c89a9fd91161e57c5dbc594ad4ad,1.6_M5.rc1,1:14:52,11:00.98,1:16:47,4:02.02,0:34.60,0:16.69,0:01.37,24955184,5360432
fedora19,master:ae938eba92b2c89a9fd91161e57c5dbc594ad4ad,1.6_M5.rc1,1:16:57,10:56.99,1:17:13,3:57.76,0:34.56,0:16.71,0:01.38,24955704,5360604
fedora19,master:ae938eba92b2c89a9fd91161e57c5dbc594ad4ad,1.6_M5.rc1,1:17:03,11:00.56,1:16:53,4:04.24,0:34.53,0:16.80,0:01.38,24960680,5360440
fedora19,master:ae938eba92b2c89a9fd91161e57c5dbc594ad4ad,1.6_M5.rc1,1:15:06,11:01.49,1:17:02,3:54.72,0:34.63,0:16.76,0:01.37,24957996,5360380
fedora19,master:ae938eba92b2c89a9fd91161e57c5dbc594ad4ad,1.6_M5.rc1,1:15:36,10:59.87,1:17:32,4:00.79,0:34.62,0:16.91,0:01.36,24958120,5360588
fedora19,master:3e528d3e4bc542ca2f654c54363c56af0fb9f61b,1.6_M5.rc2,1:17:07,10:57.92,1:16:44,4:25.82,0:34.42,0:16.78,0:01.36,25221000,5397704
fedora19,master:3e528d3e4bc542ca2f654c54363c56af0fb9f61b,1.6_M5.rc2,1:17:08,10:55.63,1:16:08,4:29.59,0:34.47,0:16.75,0:01.37,25216728,5397732
fedora19,master:3e528d3e4bc542ca2f654c54363c56af0fb9f61b,1.6_M5.rc2,1:17:17,10:57.73,1:15:55,4:30.02,0:34.41,0:16.71,0:01.37,25215640,5397652
fedora19,master:a0958261265049904fd78a2ba0198d46e5e65ea9,1.6_M5.rc4,1:15:39,10:53.96,1:15:56,4:36.36,0:34.37,0:17.14,0:01.38,25236568,5400652
fedora19,master:a0958261265049904fd78a2ba0198d46e5e65ea9,1.6_M5.rc4,1:15:39,10:53.96,1:15:56,4:36.36,0:34.37,0:17.14,0:01.38,25236568,5400652
fedora19,master:a0958261265049904fd78a2ba0198d46e5e65ea9,1.6_M5.rc4,1:15:39,10:53.96,1:15:56,4:36.36,0:34.37,0:17.14,0:01.38,25236568,5400652
fedora19,master:68824d9b8f6e290da078383316b3f4b732585f2b,1.7_M1.rc1,1:14:54,11:32.63,1:12:53,4:12.14,0:36.53,0:18.00,0:01.33,24908824,5536548
fedora19,master:68824d9b8f6e290da078383316b3f4b732585f2b,1.7_M1.rc1,1:13:46,11:34.30,1:13:32,4:05.53,0:36.30,0:18.14,0:01.31,24908000,5536760
fedora19,master:68824d9b8f6e290da078383316b3f4b732585f2b,1.7_M1.rc1,1:14:26,11:37.11,1:13:01,4:09.84,0:36.38,0:18.10,0:01.31,24908356,5536856
fedora19,master:68824d9b8f6e290da078383316b3f4b732585f2b,1.7_M1.rc1,1:14:09,11:40.22,1:13:33,4:12.27,0:36.37,0:18.04,0:01.32,24920940,5536764
fedora19,master:68824d9b8f6e290da078383316b3f4b732585f2b,1.7_M1.rc1,1:14:01,11:42.14,1:13:16,4:11.27,0:36.49,0:18.03,0:01.32,24908064,5536640
fedora19,master:68824d9b8f6e290da078383316b3f4b732585f2b,1.7_M1.rc1,1:14:21,11:41.96,1:12:32,4:11.25,0:36.37,0:18.05,0:01.33,24908948,5536920
fedora19,master:68824d9b8f6e290da078383316b3f4b732585f2b,1.7_M1.rc1,1:14:22,11:35.33,1:13:18,4:09.60,0:36.28,0:18.08,0:01.32,24908912,5536776
fedora19,master:68824d9b8f6e290da078383316b3f4b732585f2b,1.7_M1.rc1,1:13:24,11:39.66,1:12:51,4:10.04,0:36.33,0:18.11,0:01.32,24918888,5536904
fedora19,master:68824d9b8f6e290da078383316b3f4b732585f2b,1.7_M1.rc1,1:14:25,11:39.73,1:13:46,4:07.67,0:36.49,0:18.00,0:01.31,24909088,5536816
fedora19,master:68824d9b8f6e290da078383316b3f4b732585f2b,1.7_M1.rc1,1:14:31,11:37.40,1:13:10,4:09.09,0:36.35,0:18.12,0:01.31,24907840,5536832
fedora19,master:68824d9b8f6e290da078383316b3f4b732585f2b,1.7_M1.rc1,1:14:20,11:44.42,1:13:36,4:11.32,0:36.62,0:18.05,0:01.32,24908420,5536984
fedora19,master:68824d9b8f6e290da078383316b3f4b732585f2b,1.7_M1.rc1,1:13:16,11:33.93,1:12:40,4:08.79,0:36.66,0:18.17,0:01.32,24908620,5536756
fedora19,master:68824d9b8f6e290da078383316b3f4b732585f2b,1.7_M1.rc1,1:13:38,11:35.00,1:13:07,4:07.09,0:36.59,0:18.04,0:01.32,24909704,5536772
fedora19,master:68824d9b8f6e290da078383316b3f4b732585f2b,1.7_M1.rc1,1:14:42,11:44.51,1:12:46,4:09.66,0:36.52,0:18.14,0:01.31,24912060,5536820
fedora19,master:68824d9b8f6e290da078383316b3f4b732585f2b,1.7_M1.rc1,1:14:50,11:44.86,1:13:46,4:25.17,0:36.52,0:18.06,0:01.32,24908076,5536904
fedora19,master:68824d9b8f6e290da078383316b3f4b732585f2b,1.7_M1.rc1,1:14:36,11:34.61,1:13:44,4:13.11,0:36.57,0:18.07,0:01.31,24918220,5536936
fedora19,master:68824d9b8f6e290da078383316b3f4b732585f2b,1.7_M1.rc1,1:14:06,11:47.08,1:12:06,4:13.36,0:36.95,0:18.20,0:01.32,24909208,5536832
fedora19,master:68824d9b8f6e290da078383316b3f4b732585f2b,1.7_M1.rc1,1:13:51,11:37.19,1:13:44,4:09.02,0:36.47,0:18.05,0:01.31,24908360,5536440
fedora19,master:68824d9b8f6e290da078383316b3f4b732585f2b,1.7_M1.rc1,1:14:11,11:37.51,1:13:03,4:10.28,0:36.36,0:18.01,0:01.32,24908824,5536980
fedora19,master:a5531a2b8983318b99c119a87b78a92cf84160b8,1.7_M1.rc2,1:14:23,11:36.29,1:13:46,4:20.04,0:36.30,0:18.08,0:01.31,24907980,5537000
fedora19,master:a5531a2b8983318b99c119a87b78a92cf84160b8,1.7_M1.rc2,1:14:25,11:41.25,1:13:32,4:12.14,0:36.66,0:18.03,0:01.31,24910736,5537144
fedora19,master:a5531a2b8983318b99c119a87b78a92cf84160b8,1.7_M1.rc2,1:14:19,11:32.88,1:12:45,4:10.65,0:36.85,0:18.04,0:01.31,24908428,5536916
fedora19,master:a5531a2b8983318b99c119a87b78a92cf84160b8,1.7_M1.rc2,1:13:47,11:35.58,1:11:39,4:11.23,0:36.30,0:17.99,0:01.32,24907504,5537148
fedora19,master:a5531a2b8983318b99c119a87b78a92cf84160b8,1.7_M1.rc2,1:13:40,11:29.49,1:13:23,4:12.62,0:36.65,0:17.99,0:01.30,24907980,5537128
fedora19,master:a5531a2b8983318b99c119a87b78a92cf84160b8,1.7_M1.rc2,1:14:56,11:41.43,1:13:02,4:12.13,0:36.57,0:18.07,0:01.32,24907920,5537176
fedora19,master:a5531a2b8983318b99c119a87b78a92cf84160b8,1.7_M1.rc2,1:14:43,11:42.17,1:13:35,4:09.26,0:36.37,0:18.03,0:01.31,24907196,5537052
fedora19,master:a5531a2b8983318b99c119a87b78a92cf84160b8,1.7_M1.rc2,1:14:01,11:39.43,1:13:10,4:10.25,0:36.47,0:17.99,0:01.31,24908048,5537040
fedora19,master:a5531a2b8983318b99c119a87b78a92cf84160b8,1.7_M1.rc2,1:13:51,11:41.51,1:12:38,4:12.02,0:36.40,0:18.12,0:01.34,24907744,5536984
fedora19,master:a5531a2b8983318b99c119a87b78a92cf84160b8,1.7_M1.rc2,1:14:30,11:41.81,1:12:26,4:08.79,0:36.45,0:17.98,0:01.31,24907328,5537176
fedora19,master:a5531a2b8983318b99c119a87b78a92cf84160b8,1.7_M1.rc2,1:14:27,11:39.60,1:13:06,4:11.34,0:36.38,0:18.06,0:01.34,24908124,5537056
fedora19,master:a5531a2b8983318b99c119a87b78a92cf84160b8,1.7_M1.rc2,1:14:15,11:36.47,1:12:45,4:16.16,0:36.61,0:18.08,0:01.30,24908112,5537136
fedora19,master:a5531a2b8983318b99c119a87b78a92cf84160b8,1.7_M1.rc2,1:14:47,11:38.18,1:13:20,4:20.28,0:36.34,0:18.12,0:01.31,24909228,5537068
fedora19,master:a5531a2b8983318b99c119a87b78a92cf84160b8,1.7_M1.rc2,1:14:30,11:39.13,1:13:50,4:20.49,0:36.49,0:17.94,0:01.32,24910888,5537044
fedora19,master:a5531a2b8983318b99c119a87b78a92cf84160b8,1.7_M1.rc2,1:14:43,11:39.93,1:12:45,4:09.75,0:36.22,0:18.09,0:01.32,24907948,5536952
fedora19,master:a5531a2b8983318b99c119a87b78a92cf84160b8,1.7_M1.rc2,1:13:49,11:33.96,1:12:27,4:16.03,0:36.68,0:18.02,0:01.32,24910140,5537284
fedora19,master:a5531a2b8983318b99c119a87b78a92cf84160b8,1.7_M1.rc2,1:14:10,11:38.41,1:13:07,4:13.38,0:36.85,0:18.03,0:01.31,24908204,5537100
fedora19,master:a5531a2b8983318b99c119a87b78a92cf84160b8,1.7_M1.rc2,1:14:19,11:43.15,1:13:09,4:14.48,0:36.29,0:18.03,0:01.30,24912012,5537256
fedora19,master:a5531a2b8983318b99c119a87b78a92cf84160b8,1.7_M1.rc2,1:14:18,11:40.97,1:13:02,4:06.60,0:36.58,0:18.08,0:01.32,24911324,5537184
fedora19,master:a5531a2b8983318b99c119a87b78a92cf84160b8,1.7_M1.rc2,1:14:25,11:37.89,1:13:33,4:10.53,0:36.63,0:17.98,0:01.32,24907428,5536976
fedora19,master:2d1660112e54653f7bb763939d0416472c49fe01,1.7_M2.rc1,1:17:46,11:39.85,1:13:39,4:25.69,0:36.33,0:16.57,0:01.04,25205120,5647968
fedora19,master:2d1660112e54653f7bb763939d0416472c49fe01,1.7_M2.rc1,1:17:48,11:32.95,1:12:21,4:27.40,0:36.48,0:16.55,0:01.03,25205788,5648212
fedora19,master:2d1660112e54653f7bb763939d0416472c49fe01,1.7_M2.rc1,1:17:52,11:27.36,1:13:24,4:19.16,0:36.35,0:16.48,0:01.04,25205216,5647800
fedora19,master:2d1660112e54653f7bb763939d0416472c49fe01,1.7_M2.rc1,1:17:16,11:29.85,1:12:34,4:23.88,0:36.45,0:16.56,0:01.03,25205036,5647908
fedora19,master:2d1660112e54653f7bb763939d0416472c49fe01,1.7_M2.rc1,1:17:01,11:34.97,1:12:33,4:22.43,0:36.74,0:16.57,0:01.04,25206124,5648172
fedora19,master:2d1660112e54653f7bb763939d0416472c49fe01,1.7_M2.rc1,1:17:05,11:36.47,1:14:04,4:16.81,0:36.56,0:16.54,0:01.04,25205360,5647836
fedora19,master:2d1660112e54653f7bb763939d0416472c49fe01,1.7_M2.rc1,1:17:11,11:22.01,1:12:55,4:21.71,0:36.73,0:16.59,0:01.03,25205112,5647880
fedora19,master:2d1660112e54653f7bb763939d0416472c49fe01,1.7_M2.rc1,1:17:20,11:29.98,1:12:58,4:21.34,0:36.28,0:16.48,0:01.04,25205036,5647888
fedora19,master:2d1660112e54653f7bb763939d0416472c49fe01,1.7_M2.rc1,1:17:32,11:42.71,1:13:05,4:20.36,0:36.56,0:16.45,0:01.03,25205428,5647912
fedora19,master:2d1660112e54653f7bb763939d0416472c49fe01,1.7_M2.rc1,1:17:27,11:33.09,1:13:19,4:21.21,0:36.50,0:16.46,0:01.05,25207680,5647872
fedora19,master:2d1660112e54653f7bb763939d0416472c49fe01,1.7_M2.rc1,1:17:14,11:30.23,1:13:44,4:17.40,0:36.37,0:16.51,0:01.04,25205832,5647796
fedora19,master:2d1660112e54653f7bb763939d0416472c49fe01,1.7_M2.rc1,1:17:14,11:33.73,1:11:57,4:22.19,0:36.97,0:16.46,0:01.04,25207788,5647740
fedora19,master:2d1660112e54653f7bb763939d0416472c49fe01,1.7_M2.rc1,1:17:19,11:37.53,1:13:03,4:23.36,0:36.33,0:16.53,0:01.04,25206832,5647796
fedora19,master:2d1660112e54653f7bb763939d0416472c49fe01,1.7_M2.rc1,1:17:33,11:35.29,1:13:37,4:20.81,0:36.49,0:16.60,0:01.02,25205404,5647856
fedora19,master:2d1660112e54653f7bb763939d0416472c49fe01,1.7_M2.rc1,1:17:58,11:31.40,1:12:18,4:19.88,0:36.57,0:16.51,0:01.02,25205244,5647884
fedora19,master:2d1660112e54653f7bb763939d0416472c49fe01,1.7_M2.rc1,1:17:17,11:36.38,1:15:42,4:18.84,0:36.24,0:16.56,0:01.02,25204876,5647936
fedora19,master:2d1660112e54653f7bb763939d0416472c49fe01,1.7_M2.rc1,1:17:12,11:26.85,1:12:05,4:18.76,0:36.26,0:16.51,0:01.04,25204964,5647840
fedora19,master:2d1660112e54653f7bb763939d0416472c49fe01,1.7_M2.rc1,1:17:28,11:25.11,1:12:34,4:19.18,0:36.32,0:16.57,0:01.04,25205780,5647940
fedora19,master:2d1660112e54653f7bb763939d0416472c49fe01,1.7_M2.rc1,1:17:09,11:37.89,1:13:34,4:23.46,0:36.21,0:16.51,0:01.04,25205404,5647764
fedora19,master:2d1660112e54653f7bb763939d0416472c49fe01,1.7_M2.rc1,1:17:30,11:31.24,1:12:59,4:16.47,0:36.61,0:16.53,0:01.05,25204960,5647816
fedora19,master:1894522f357fdf0b6adb2dcc14f12817628596bd,1.7_M3,1:17:40,11:17.36,1:14:34,4:19.84,0:33.93,0:15.62,0:01.04,25034540,5588100
fedora19,master:1894522f357fdf0b6adb2dcc14f12817628596bd,1.7_M3,1:18:05,11:10.65,1:14:35,4:17.20,0:34.15,0:15.62,0:01.05,25034900,5588060
fedora19,master:1894522f357fdf0b6adb2dcc14f12817628596bd,1.7_M3,1:17:38,11:15.08,1:14:13,4:18.77,0:33.81,0:15.59,0:01.04,25036096,5588060
fedora19,master:1894522f357fdf0b6adb2dcc14f12817628596bd,1.7_M3,1:17:33,11:22.09,1:13:41,4:16.82,0:34.02,0:15.62,0:01.04,25036816,5588056
fedora19,master:1894522f357fdf0b6adb2dcc14f12817628596bd,1.7_M3,1:18:37,11:09.80,1:14:27,4:19.13,0:33.91,0:15.61,0:01.05,25036240,5588172
fedora19,master:1894522f357fdf0b6adb2dcc14f12817628596bd,1.7_M3,1:18:02,11:09.80,1:13:33,4:25.19,0:34.02,0:15.71,0:01.02,25034416,5588052
fedora19,master:1894522f357fdf0b6adb2dcc14f12817628596bd,1.7_M3,1:18:26,11:09.86,1:13:49,4:13.45,0:34.13,0:15.58,0:01.02,25034272,5588028
fedora19,master:1894522f357fdf0b6adb2dcc14f12817628596bd,1.7_M3,1:17:09,11:11.41,1:14:30,4:19.77,0:33.93,0:15.67,0:01.04,25035128,5588124
fedora19,master:1894522f357fdf0b6adb2dcc14f12817628596bd,1.7_M3,1:18:16,11:15.97,1:13:07,4:18.77,0:34.04,0:15.65,0:01.03,25034596,5588092
fedora19,master:1894522f357fdf0b6adb2dcc14f12817628596bd,1.7_M3,1:18:06,11:10.41,1:13:23,4:17.51,0:34.14,0:15.71,0:01.04,25034544,5588060i
fedora19,master:429802fe6691c8a70ec9735c0db4c6a4e1e1b038,1.7_M3.rc2,1:15:51,11:04.42,1:12:09,4:13.39,0:34.15,0:15.82,0:01.04,24737272,5536528
fedora19,master:429802fe6691c8a70ec9735c0db4c6a4e1e1b038,1.7_M3.rc2,1:17:03,11:16.04,1:11:30,4:12.64,0:34.31,0:15.73,0:01.06,24736964,5536544
fedora19,master:429802fe6691c8a70ec9735c0db4c6a4e1e1b038,1.7_M3.rc2,1:17:01,11:16.15,1:10:59,4:16.45,0:34.25,0:15.69,0:01.04,24736856,5536564
fedora19,master:429802fe6691c8a70ec9735c0db4c6a4e1e1b038,1.7_M3.rc2,1:17:17,11:05.89,1:12:01,4:14.64,0:34.30,0:15.76,0:01.04,24736880,5536748
fedora19,master:429802fe6691c8a70ec9735c0db4c6a4e1e1b038,1.7_M3.rc2,1:16:52,11:11.80,1:11:50,4:15.11,0:34.35,0:15.81,0:01.02,24737004,5536460
fedora19,master:429802fe6691c8a70ec9735c0db4c6a4e1e1b038,1.7_M3.rc2,1:16:20,11:11.01,1:10:58,4:11.37,0:34.40,0:15.70,0:01.05,24737044,5536500
fedora19,master:429802fe6691c8a70ec9735c0db4c6a4e1e1b038,1.7_M3.rc2,1:17:43,11:08.79,1:13:12,4:15.89,0:34.19,0:15.75,0:01.04,24736328,5536504
fedora19,master:429802fe6691c8a70ec9735c0db4c6a4e1e1b038,1.7_M3.rc2,1:16:23,11:04.33,1:10:18,4:14.73,0:34.20,0:15.71,0:01.05,24737740,5536532
fedora19,master:0389b3b7e8004373320689750ecf877ae5cc6da9,1.7_M4.rc3,1:16:38,11:32.47,1:10:44,4:16.09,0:34.32,0:15.71,0:01.06,24899180,5557884
fedora19,master:0389b3b7e8004373320689750ecf877ae5cc6da9,1.7_M4.rc3,1:27:42,11:34.82,1:11:06,4:14.90,0:34.35,0:15.69,0:01.05,24900184,5558032
fedora19,master:0389b3b7e8004373320689750ecf877ae5cc6da9,1.7_M4.rc3,1:16:23,11:30.68,1:10:53,4:15.40,0:34.07,0:15.68,0:01.05,24898824,5558020
fedora19,master:0389b3b7e8004373320689750ecf877ae5cc6da9,1.7_M4.rc3,1:15:58,11:23.73,1:10:38,4:15.31,0:34.22,0:15.67,0:01.04,24899268,5557896
fedora19,master:0389b3b7e8004373320689750ecf877ae5cc6da9,1.7_M4.rc3,1:16:06,11:23.17,1:11:00,4:12.88,0:34.23,0:15.69,0:01.04,24905824,5558088
fedora19,master:0389b3b7e8004373320689750ecf877ae5cc6da9,1.7_M4.rc3,1:15:45,11:33.19,1:11:26,4:16.82,0:34.10,0:15.71,0:01.05,24898844,5557996
fedora19,master:ccf5a4d2342c4fd40e4e0b332ea7e34e0bf175d4,1.7_M4.rc4,1:16:45,11:22.67,1:11:24,4:12.62,0:34.13,0:15.64,0:01.04,24672364,5528496
fedora19,master:ccf5a4d2342c4fd40e4e0b332ea7e34e0bf175d4,1.7_M4.rc4,1:16:22,14:06.23,1:10:06,4:18.27,0:34.52,0:15.66,0:01.06,24671816,5528040
fedora19,master:ccf5a4d2342c4fd40e4e0b332ea7e34e0bf175d4,1.7_M4.rc4,1:15:55,11:10.83,1:10:06,4:14.66,0:34.45,0:15.70,0:01.05,24671568,5528024
fedora19,master:ccf5a4d2342c4fd40e4e0b332ea7e34e0bf175d4,1.7_M4.rc4,1:16:31,11:24.93,1:10:30,4:15.30,0:34.24,0:15.66,0:01.06,24672756,5528088
fedora19,master:ccf5a4d2342c4fd40e4e0b332ea7e34e0bf175d4,1.7_M4.rc4,1:15:42,11:20.99,1:10:12,4:17.56,0:34.11,0:15.76,0:01.02,24672212,5527976
fedora19,master:ccf5a4d2342c4fd40e4e0b332ea7e34e0bf175d4,1.7_M4.rc4,1:15:39,11:12.85,1:10:34,4:19.02,0:34.38,0:15.77,0:01.05,24671756,5528044
fedora19,master:ccf5a4d2342c4fd40e4e0b332ea7e34e0bf175d4,1.7_M4.rc4,1:15:52,11:23.37,1:10:05,4:16.96,0:34.17,0:15.83,0:01.06,24673064,5527916
fedora19,master:ccf5a4d2342c4fd40e4e0b332ea7e34e0bf175d4,1.7_M4.rc4,1:16:17,11:20.81,1:10:47,4:16.00,0:34.38,0:15.65,0:01.11,24672648,5527840
fedora19,master:ccf5a4d2342c4fd40e4e0b332ea7e34e0bf175d4,1.7_M4.rc4,1:16:31,11:21.08,1:10:28,4:17.38,0:34.36,0:15.62,0:01.05,24672464,5527992
fedora19,master:ccf5a4d2342c4fd40e4e0b332ea7e34e0bf175d4,1.7_M4.rc4,1:15:55,11:29.86,1:10:03,4:18.00,0:34.08,0:15.65,0:01.05,24672444,5528024
fedora19,master:ccf5a4d2342c4fd40e4e0b332ea7e34e0bf175d4,1.7_M4.rc4,1:16:30,11:19.05,1:11:36,4:16.53,0:34.16,0:15.64,0:01.04,24672416,5527996
fedora19,master:ccf5a4d2342c4fd40e4e0b332ea7e34e0bf175d4,1.7_M4.rc4,1:15:09,11:19.56,1:10:47,4:17.47,0:34.31,0:15.78,0:01.05,24672416,5527984
fedora19,master:ccf5a4d2342c4fd40e4e0b332ea7e34e0bf175d4,1.7_M4.rc4,1:16:36,11:13.84,1:11:47,4:16.21,0:34.26,0:15.73,0:01.04,24671848,5528152
fedora19,master:ccf5a4d2342c4fd40e4e0b332ea7e34e0bf175d4,1.7_M4.rc4,1:16:09,11:21.67,1:09:56,4:15.21,0:34.22,0:15.79,0:01.05,24672268,5527988
fedora19,master:ccf5a4d2342c4fd40e4e0b332ea7e34e0bf175d4,1.7_M4.rc4,1:16:01,11:15.85,1:11:12,4:13.81,0:34.47,0:15.85,0:01.04,24672292,5528152
fedora19,master:ccf5a4d2342c4fd40e4e0b332ea7e34e0bf175d4,1.7_M4.rc4,1:15:46,11:17.29,1:10:20,4:17.57,0:34.17,0:15.71,0:01.08,24672284,5528020
fedora19,master:ccf5a4d2342c4fd40e4e0b332ea7e34e0bf175d4,1.7_M4.rc4,1:14:39,11:19.85,1:10:03,4:11.10,0:34.19,0:15.64,0:01.04,24672924,5527904
fedora19,master:ccf5a4d2342c4fd40e4e0b332ea7e34e0bf175d4,1.7_M4.rc4,1:15:43,11:29.40,1:09:57,4:14.22,0:34.17,0:15.69,0:01.04,24671640,5527820
fedora19,master:ccf5a4d2342c4fd40e4e0b332ea7e34e0bf175d4,1.7_M4.rc4,1:15:08,11:19.30,1:10:04,4:16.30,0:34.23,0:15.73,0:01.05,24672268,5528040
fedora19,master:ccf5a4d2342c4fd40e4e0b332ea7e34e0bf175d4,1.7_M4.rc4,1:15:49,11:13.54,1:10:17,4:14.86,0:34.16,0:15.77,0:01.06,24672248,5527996
fedora19,master:ccf5a4d2342c4fd40e4e0b332ea7e34e0bf175d4,1.7_M4.rc4,1:15:24,11:21.51,1:09:55,4:18.39,0:34.34,0:15.75,0:01.05,24671608,5527956
fedora19,master:ccf5a4d2342c4fd40e4e0b332ea7e34e0bf175d4,1.7_M4.rc4,1:15:48,11:20.15,1:09:43,4:12.42,0:34.09,0:15.73,0:01.05,24671656,5528208
fedora19,master:ccf5a4d2342c4fd40e4e0b332ea7e34e0bf175d4,1.7_M4.rc4,1:15:36,11:23.63,1:09:50,4:15.59,0:34.34,0:15.75,0:01.04,24672312,5527948
fedora19,master:ccf5a4d2342c4fd40e4e0b332ea7e34e0bf175d4,1.7_M4.rc4,1:15:57,11:20.10,1:10:08,4:11.37,0:34.08,0:15.71,0:01.06,24672100,5528012
fedora19,master:ccf5a4d2342c4fd40e4e0b332ea7e34e0bf175d4,1.7_M4.rc4,1:15:00,11:13.19,1:11:50,4:15.54,0:34.15,0:15.64,0:01.05,24672000,5527888
fedora19,master:ccf5a4d2342c4fd40e4e0b332ea7e34e0bf175d4,1.7_M4.rc4,1:15:13,11:14.58,1:09:46,4:12.29,0:34.10,0:15.76,0:01.04,24672276,5527812
fedora19,master:ccf5a4d2342c4fd40e4e0b332ea7e34e0bf175d4,1.7_M4.rc4,1:16:00,11:14.51,1:10:26,4:10.79,0:34.17,0:15.83,0:01.05,24671780,5527900
fedora19,master:ccf5a4d2342c4fd40e4e0b332ea7e34e0bf175d4,1.7_M4.rc4,1:15:49,11:11.75,1:10:16,4:13.23,0:34.24,0:15.73,0:01.05,24672608,5527848
fedora19,master:ccf5a4d2342c4fd40e4e0b332ea7e34e0bf175d4,1.7_M4.rc4,1:16:38,11:17.74,1:10:33,4:10.38,0:34.28,0:15.69,0:01.09,24672288,5527812
fedora19,master:924da20c6f2f183fa7e930e4c3c6b14c090acbe5,1.7_M4.rc5,1:16:22,11:20.87,1:11:02,4:13.26,0:34.06,0:15.67,0:01.04,24672972,5528252
fedora19,master:924da20c6f2f183fa7e930e4c3c6b14c090acbe5,1.7_M4.rc5,1:14:59,11:14.52,1:09:52,4:18.34,0:34.11,0:15.66,0:01.04,24675532,5528176
fedora19,master:924da20c6f2f183fa7e930e4c3c6b14c090acbe5,1.7_M4.rc5,1:15:46,11:20.18,1:10:12,4:14.33,0:34.27,0:15.79,0:01.05,24672664,5528340
fedora19,master:924da20c6f2f183fa7e930e4c3c6b14c090acbe5,1.7_M4.rc5,1:16:18,11:25.10,1:10:45,4:14.42,0:34.13,0:15.66,0:01.04,24672868,5528208
fedora19,master:924da20c6f2f183fa7e930e4c3c6b14c090acbe5,1.7_M4.rc5,1:15:05,11:16.48,1:10:05,4:14.95,0:34.35,0:15.75,0:01.05,24672372,5528176
fedora19,master:924da20c6f2f183fa7e930e4c3c6b14c090acbe5,1.7_M4.rc5,1:16:32,11:22.96,1:10:27,4:14.15,0:34.43,0:15.78,0:01.05,24672356,5528188
fedora19,master:924da20c6f2f183fa7e930e4c3c6b14c090acbe5,1.7_M4.rc5,1:15:33,11:28.18,1:11:34,4:20.08,0:34.22,0:15.66,0:01.05,24674032,5528188
fedora19,master:924da20c6f2f183fa7e930e4c3c6b14c090acbe5,1.7_M4.rc5,1:15:33,11:14.88,1:10:57,4:14.37,0:34.07,0:15.63,0:01.05,24672852,5528280
fedora19,master:924da20c6f2f183fa7e930e4c3c6b14c090acbe5,1.7_M4.rc5,1:16:07,11:23.82,1:10:03,4:16.03,0:34.41,0:15.70,0:01.05,24675296,5528256
fedora19,master:924da20c6f2f183fa7e930e4c3c6b14c090acbe5,1.7_M4.rc5,1:16:38,11:14.24,1:10:19,4:14.32,0:34.36,0:15.66,0:01.06,24672752,5528216
fedora19,master:924da20c6f2f183fa7e930e4c3c6b14c090acbe5,1.7_M4.rc5,1:15:26,11:20.72,1:10:29,4:16.71,0:34.35,0:15.69,0:01.04,24672524,5528156
fedora19,master:924da20c6f2f183fa7e930e4c3c6b14c090acbe5,1.7_M4.rc5,1:15:41,11:24.35,1:12:28,4:18.41,0:34.21,0:15.64,0:01.04,24672592,5528160
fedora19,master:924da20c6f2f183fa7e930e4c3c6b14c090acbe5,1.7_M4.rc5,1:16:10,11:22.29,1:10:05,4:18.41,0:34.43,0:15.66,0:01.03,24672704,5528408
fedora19,master:924da20c6f2f183fa7e930e4c3c6b14c090acbe5,1.7_M4.rc5,1:15:43,11:09.36,1:10:54,4:13.50,0:34.14,0:15.60,0:01.05,24672304,5528124
fedora19,master:924da20c6f2f183fa7e930e4c3c6b14c090acbe5,1.7_M4.rc5,1:15:52,11:16.32,1:09:47,4:11.43,0:34.05,0:15.71,0:01.05,24672496,5528156
fedora19,master:924da20c6f2f183fa7e930e4c3c6b14c090acbe5,1.7_M4.rc5,1:15:52,11:19.08,1:10:47,4:17.27,0:34.11,0:15.87,0:01.06,24675024,5528284
fedora19,master:924da20c6f2f183fa7e930e4c3c6b14c090acbe5,1.7_M4.rc5,1:15:19,11:24.62,1:10:50,4:12.45,0:34.16,0:15.73,0:01.05,24672068,5528260
fedora19,master:924da20c6f2f183fa7e930e4c3c6b14c090acbe5,1.7_M4.rc5,1:15:43,11:14.77,1:10:06,4:13.47,0:34.13,0:15.61,0:01.05,24672740,5528356
fedora19,master:924da20c6f2f183fa7e930e4c3c6b14c090acbe5,1.7_M4.rc5,1:16:02,11:18.44,1:11:28,4:12.49,0:34.28,0:15.72,0:01.04,24672852,5528396
fedora19,master:924da20c6f2f183fa7e930e4c3c6b14c090acbe5,1.7_M4.rc5,1:15:40,11:28.29,1:10:09,4:11.02,0:34.14,0:15.72,0:01.04,24673876,5528136
fedora19,master:924da20c6f2f183fa7e930e4c3c6b14c090acbe5,1.7_M4.rc5,1:15:46,11:11.56,1:10:23,4:09.50,0:34.10,0:15.73,0:01.05,24672876,5528168
fedora19,master:924da20c6f2f183fa7e930e4c3c6b14c090acbe5,1.7_M4.rc5,1:15:42,11:16.79,1:10:02,4:10.42,0:34.28,0:15.65,0:01.06,24673348,5528388
fedora19,master:924da20c6f2f183fa7e930e4c3c6b14c090acbe5,1.7_M4.rc5,1:15:52,11:13.76,1:09:54,4:14.60,0:34.24,0:15.69,0:01.05,24672628,5528180
fedora19,master:924da20c6f2f183fa7e930e4c3c6b14c090acbe5,1.7_M4.rc5,1:15:44,11:17.20,1:10:16,4:13.21,0:34.36,0:15.76,0:01.06,24672576,5528188
fedora19,master:924da20c6f2f183fa7e930e4c3c6b14c090acbe5,1.7_M4.rc5,1:16:18,11:16.16,1:10:38,4:13.96,0:34.47,0:15.74,0:01.04,24672640,5528460
fedora19,master:6dd21a9f152a93e2df1178d7a5bd903d7edcf4be,1.7.1_rc1,1:17:13,11:17.51,1:13:21,4:12.52,0:34.34,0:15.84,0:01.05,24713152,5531548
fedora19,master:6dd21a9f152a93e2df1178d7a5bd903d7edcf4be,1.7.1_rc1,1:16:40,11:12.82,1:10:20,4:16.91,0:34.34,0:15.77,0:01.07,24712780,5531520
fedora19,master:6dd21a9f152a93e2df1178d7a5bd903d7edcf4be,1.7.1_rc1,1:16:31,11:20.50,1:12:10,4:18.50,0:34.59,0:15.81,0:01.06,24712036,5531516
fedora19,master:6dd21a9f152a93e2df1178d7a5bd903d7edcf4be,1.7.1_rc1,1:16:27,11:19.61,1:13:15,4:18.48,0:34.39,0:15.90,0:01.07,24718068,5531628
fedora19,master:6dd21a9f152a93e2df1178d7a5bd903d7edcf4be,1.7.1_rc1,1:17:10,11:18.83,1:12:33,4:22.64,0:34.70,0:15.92,0:01.04,24712568,5531600
fedora19,master:6dd21a9f152a93e2df1178d7a5bd903d7edcf4be,1.7.1_rc1,1:17:09,11:21.22,1:11:34,4:15.46,0:34.47,0:15.89,0:01.06,24715488,5531404
fedora19,master:6dd21a9f152a93e2df1178d7a5bd903d7edcf4be,1.7.1_rc1,1:16:27,11:10.26,1:12:48,4:21.84,0:34.25,0:15.79,0:01.06,24714428,5531412
fedora19,master:6dd21a9f152a93e2df1178d7a5bd903d7edcf4be,1.7.1_rc1,1:17:04,11:27.61,1:13:21,4:22.04,0:34.30,0:15.81,0:01.05,24711936,5531424
fedora19,master:6dd21a9f152a93e2df1178d7a5bd903d7edcf4be,1.7.1_rc1,1:16:25,11:23.78,1:11:03,4:18.97,0:34.36,0:15.89,0:01.07,24712136,5531428
fedora19,master:6dd21a9f152a93e2df1178d7a5bd903d7edcf4be,1.7.1_rc1,1:17:05,11:25.69,1:11:08,4:19.69,0:34.31,0:15.74,0:01.04,24712728,5531576
fedora19,master:6dd21a9f152a93e2df1178d7a5bd903d7edcf4be,1.7.1_rc1,1:17:28,11:18.17,1:11:24,4:21.58,0:34.36,0:15.80,0:01.05,24712596,5531484
fedora19,master:6dd21a9f152a93e2df1178d7a5bd903d7edcf4be,1.7.1_rc1,1:16:37,11:15.18,1:12:07,4:19.68,0:34.46,0:15.86,0:01.06,24712744,5531528
fedora19,master:6dd21a9f152a93e2df1178d7a5bd903d7edcf4be,1.7.1_rc1,1:16:34,11:16.91,1:11:37,4:18.67,0:34.35,0:15.87,0:01.05,24712624,5531504
fedora19,master:6dd21a9f152a93e2df1178d7a5bd903d7edcf4be,1.7.1_rc1,1:16:28,11:15.47,1:11:17,4:18.53,0:34.31,0:15.86,0:01.07,24712572,5531492
fedora19,master:6dd21a9f152a93e2df1178d7a5bd903d7edcf4be,1.7.1_rc1,1:16:36,11:19.07,1:11:20,4:17.21,0:34.37,0:15.82,0:01.09,24712976,5531496
fedora19,master:6dd21a9f152a93e2df1178d7a5bd903d7edcf4be,1.7.1_rc1,1:16:49,11:20.62,1:11:26,4:12.26,0:34.33,0:15.82,0:01.05,24713256,5531472
fedora19,master:6dd21a9f152a93e2df1178d7a5bd903d7edcf4be,1.7.1_rc1,1:16:35,11:24.25,1:11:23,4:17.58,0:34.43,0:15.85,0:01.05,24712556,5531428
fedora19,master:6dd21a9f152a93e2df1178d7a5bd903d7edcf4be,1.7.1_rc1,1:17:27,11:19.81,1:13:08,4:27.24,0:34.43,0:15.80,0:01.06,24712612,5531548
fedora19,master:6dd21a9f152a93e2df1178d7a5bd903d7edcf4be,1.7.1_rc1,1:16:38,11:17.96,1:12:56,4:15.85,0:34.49,0:15.95,0:01.04,24715048,5531420
fedora19,master:6dd21a9f152a93e2df1178d7a5bd903d7edcf4be,1.7.1_rc1,1:17:36,11:20.08,1:11:37,4:23.23,0:34.35,0:15.85,0:01.06,24712684,5531376
fedora19,master:6dd21a9f152a93e2df1178d7a5bd903d7edcf4be,1.7.1_rc1,1:17:35,11:13.40,1:12:36,4:15.11,0:34.41,0:15.79,0:01.06,24712564,5531656
fedora19,master:6dd21a9f152a93e2df1178d7a5bd903d7edcf4be,1.7.1_rc1,1:16:49,11:18.12,1:10:33,4:12.93,0:34.29,0:15.87,0:01.03,24715728,5531592
fedora19,master:6dd21a9f152a93e2df1178d7a5bd903d7edcf4be,1.7.1_rc1,1:16:50,11:11.38,1:11:47,4:17.91,0:34.50,0:15.83,0:01.04,24712100,5531476
fedora19,master:6dd21a9f152a93e2df1178d7a5bd903d7edcf4be,1.7.1_rc1,1:17:28,11:16.67,1:13:05,4:12.72,0:34.42,0:15.81,0:01.06,24712548,5531592
fedora19,master:80bc382c62a55d9502504e5b77744b3bd0f981ab,1.7.2,1:14:30,11:24.95,1:10:59,4:13.21,0:34.74,0:16.23,0:01.99,24803224,5606284
fedora19,master:80bc382c62a55d9502504e5b77744b3bd0f981ab,1.7.2,1:13:52,11:27.37,1:10:36,4:14.32,0:34.64,0:16.31,0:02.02,24804052,5606288
fedora19,master:80bc382c62a55d9502504e5b77744b3bd0f981ab,1.7.2,1:15:13,11:26.05,1:10:29,4:14.40,0:34.51,0:16.34,0:02.04,24792468,5606776
fedora19,master:80bc382c62a55d9502504e5b77744b3bd0f981ab,1.7.2,1:14:06,11:20.32,1:10:55,4:09.40,0:34.55,0:16.16,0:02.03,24803644,5606292
fedora19,master:80bc382c62a55d9502504e5b77744b3bd0f981ab,1.7.2,1:14:18,11:41.99,1:10:49,4:17.13,0:34.46,0:16.29,0:02.01,24787112,5606356
fedora19,master:b813bdebb36501500e86fea5f7e15b4b15ea0902,1.8_M1.rc1,1:18:13,11:14.94,1:12:32,4:18.91,0:34.71,0:15.79,0:01.07,24767600,5544960
fedora19,master:b813bdebb36501500e86fea5f7e15b4b15ea0902,1.8_M1.rc1,1:19:13,11:09.91,1:13:29,4:17.77,0:34.64,0:15.82,0:01.09,24768392,5544916
fedora19,master:b813bdebb36501500e86fea5f7e15b4b15ea0902,1.8_M1.rc1,1:30:21,11:14.97,1:13:10,4:19.45,0:34.68,0:15.82,0:01.02,24767456,5545024
fedora19,master:b813bdebb36501500e86fea5f7e15b4b15ea0902,1.8_M1.rc1,1:18:13,11:12.95,1:13:53,4:17.90,0:34.78,0:15.80,0:01.05,24767484,5544964
fedora19,master:b813bdebb36501500e86fea5f7e15b4b15ea0902,1.8_M1.rc1,1:19:12,11:18.35,1:13:21,4:22.04,0:34.60,0:15.73,0:01.08,24767592,5544912
fedora19,master:b813bdebb36501500e86fea5f7e15b4b15ea0902,1.8_M1.rc1,1:20:06,11:09.72,1:12:27,4:16.22,0:34.69,0:15.83,0:01.08,24767716,5544916
fedora19,master:b813bdebb36501500e86fea5f7e15b4b15ea0902,1.8_M1.rc1,1:18:53,11:18.00,1:13:23,4:15.11,0:34.71,0:15.75,0:01.12,24770808,5544868
fedora19,master:b813bdebb36501500e86fea5f7e15b4b15ea0902,1.8_M1.rc1,1:18:08,11:07.11,1:13:18,4:19.18,0:34.63,0:15.77,0:01.07,24769024,5544924
fedora19,master:b813bdebb36501500e86fea5f7e15b4b15ea0902,1.8_M1.rc1,1:19:15,11:11.70,1:13:06,4:19.98,0:34.76,0:15.76,0:01.05,24767804,5544984
fedora19,master:b813bdebb36501500e86fea5f7e15b4b15ea0902,1.8_M1.rc1,1:20:03,11:24.91,1:13:18,4:26.60,0:34.68,0:16.00,0:01.05,24768232,5544992
fedora19,master:b813bdebb36501500e86fea5f7e15b4b15ea0902,1.8_M1.rc1,1:19:12,11:15.30,1:13:09,4:15.20,0:34.82,0:15.78,0:01.09,24767916,5544848
fedora19,master:b813bdebb36501500e86fea5f7e15b4b15ea0902,1.8_M1.rc1,1:20:09,11:09.94,1:12:35,4:16.15,0:34.61,0:15.71,0:01.09,24768800,5544800
fedora19,master:b813bdebb36501500e86fea5f7e15b4b15ea0902,1.8_M1.rc1,1:19:37,11:12.62,1:13:09,4:16.49,0:34.79,0:15.85,0:01.07,24768052,5544784
fedora19,master:b813bdebb36501500e86fea5f7e15b4b15ea0902,1.8_M1.rc1,1:18:24,11:18.71,1:12:33,4:14.45,0:34.94,0:15.75,0:01.07,24767756,5545032
fedora19,master:b813bdebb36501500e86fea5f7e15b4b15ea0902,1.8_M1.rc1,1:18:47,11:18.84,1:12:14,4:17.09,0:34.73,0:15.74,0:01.08,24767736,5544916
fedora19,master:b813bdebb36501500e86fea5f7e15b4b15ea0902,1.8_M1.rc1,1:18:28,11:14.59,1:12:48,4:21.69,0:34.70,0:15.84,0:01.07,24767904,5544764
fedora19,master:b813bdebb36501500e86fea5f7e15b4b15ea0902,1.8_M1.rc1,1:19:42,11:10.78,1:13:40,4:20.94,0:34.63,0:15.90,0:01.06,24767780,5544888
fedora19,master:b813bdebb36501500e86fea5f7e15b4b15ea0902,1.8_M1.rc1,1:18:50,11:12.82,1:13:16,4:16.32,0:34.72,0:15.84,0:01.08,24768900,5544864
fedora19,master:b813bdebb36501500e86fea5f7e15b4b15ea0902,1.8_M1.rc1,1:19:02,11:11.86,1:13:16,4:18.21,0:34.63,0:15.78,0:01.08,24767544,5545008
fedora19,master:b813bdebb36501500e86fea5f7e15b4b15ea0902,1.8_M1.rc1,1:19:51,11:07.53,1:13:45,4:18.96,0:34.77,0:15.74,0:01.03,24768144,5544856
fedora19,master:b813bdebb36501500e86fea5f7e15b4b15ea0902,1.8_M1.rc1,1:19:39,11:15.04,1:13:12,4:20.62,0:34.55,0:15.71,0:01.08,24768188,5544968
fedora19,master:b813bdebb36501500e86fea5f7e15b4b15ea0902,1.8_M1.rc1,1:24:11,11:12.03,1:12:39,4:17.66,0:34.81,0:15.73,0:01.08,24768364,5544952
fedora19,master:b813bdebb36501500e86fea5f7e15b4b15ea0902,1.8_M1.rc1,1:17:41,11:08.94,1:12:43,4:10.18,0:34.80,0:15.83,0:01.07,24767868,5545160
fedora19,master:b813bdebb36501500e86fea5f7e15b4b15ea0902,1.8_M1.rc1,1:16:37,11:14.81,1:11:59,4:15.52,0:34.66,0:15.73,0:01.09,24768188,5545056
fedora19,master:d9d5b8b499af3ae01a1e33d0d3969c54c2d4ab1b,1.8_M2.rc1,1:16:07,8:02.84,1:11:32,4:23.50,0:35.22,0:16.18,0:02.06,24687428,6049368
fedora19,master:d9d5b8b499af3ae01a1e33d0d3969c54c2d4ab1b,1.8_M2.rc1,1:16:35,8:02.06,1:11:07,4:25.35,0:34.90,0:16.16,0:02.04,24686712,6049220
fedora19,master:d9d5b8b499af3ae01a1e33d0d3969c54c2d4ab1b,1.8_M2.rc1,1:16:13,8:05.38,1:11:18,4:27.15,0:35.33,0:16.11,0:02.10,24689876,6049308
fedora19,master:d9d5b8b499af3ae01a1e33d0d3969c54c2d4ab1b,1.8_M2.rc1,1:16:19,8:02.26,1:11:33,4:16.87,0:35.14,0:16.22,0:02.01,24688376,6049344
fedora19,master:d9d5b8b499af3ae01a1e33d0d3969c54c2d4ab1b,1.8_M2.rc1,1:15:43,8:06.65,1:11:03,4:28.04,0:35.04,0:16.09,0:02.07,24687124,6049212
fedora19,master:d9d5b8b499af3ae01a1e33d0d3969c54c2d4ab1b,1.8_M2.rc1,1:16:17,8:01.26,1:11:10,4:21.47,0:34.98,0:16.21,0:02.13,24690184,6049184
fedora19,master:d9d5b8b499af3ae01a1e33d0d3969c54c2d4ab1b,1.8_M2.rc1,1:16:21,8:06.55,1:11:18,4:23.71,0:35.00,0:16.05,0:01.99,24687364,6049352
fedora19,master:d9d5b8b499af3ae01a1e33d0d3969c54c2d4ab1b,1.8_M2.rc1,1:16:20,8:03.40,1:11:05,4:29.74,0:35.12,0:16.14,0:02.07,24688120,6049392
fedora19,master:d9d5b8b499af3ae01a1e33d0d3969c54c2d4ab1b,1.8_M2.rc1,1:16:06,7:59.88,1:11:49,4:23.96,0:34.99,0:16.23,0:02.06,24687948,6049196
fedora19,master:d9d5b8b499af3ae01a1e33d0d3969c54c2d4ab1b,1.8_M2.rc1,1:16:10,8:01.57,1:11:26,4:24.12,0:35.08,0:16.19,0:02.04,24687628,6049280
fedora19,master:d9d5b8b499af3ae01a1e33d0d3969c54c2d4ab1b,1.8_M2.rc1,1:15:02,8:03.58,1:11:21,4:25.35,0:34.98,0:16.13,0:02.07,24689724,6049356
fedora19,master:d9d5b8b499af3ae01a1e33d0d3969c54c2d4ab1b,1.8_M2.rc1,1:15:09,8:05.84,1:10:52,4:19.45,0:35.13,0:16.18,0:02.05,24690888,6049156
fedora19,master:d9d5b8b499af3ae01a1e33d0d3969c54c2d4ab1b,1.8_M2.rc1,1:16:09,8:02.91,1:11:01,4:31.72,0:35.15,0:16.24,0:02.09,24687132,6049280
fedora19,master:d9d5b8b499af3ae01a1e33d0d3969c54c2d4ab1b,1.8_M2.rc1,1:16:09,8:02.92,1:11:19,4:21.20,0:34.99,0:16.17,0:02.12,24689672,6049408
fedora19,master:d9d5b8b499af3ae01a1e33d0d3969c54c2d4ab1b,1.8_M2.rc1,1:16:04,8:02.15,1:11:22,4:17.81,0:35.14,0:16.11,0:02.16,24687444,6049120
fedora19,master:d9d5b8b499af3ae01a1e33d0d3969c54c2d4ab1b,1.8_M2.rc1,1:16:35,8:04.00,1:11:44,4:18.81,0:35.11,0:16.17,0:02.01,24686668,6049148
fedora19,master:22c38e2d8a058619e3d05534b5e830b750aa4241,1.8_M2.rc2,1:23:12,8:04.18,1:22:05,4:20.85,0:35.43,0:16.07,0:01.58,25624084,6129264
fedora19,master:22c38e2d8a058619e3d05534b5e830b750aa4241,1.8_M2.rc2,1:23:18,8:05.79,1:22:06,4:22.79,0:35.22,0:16.16,0:01.63,25621496,6129272
fedora19,master:22c38e2d8a058619e3d05534b5e830b750aa4241,1.8_M2.rc2,1:23:00,8:05.53,1:22:25,4:27.05,0:35.13,0:16.04,0:01.60,25624048,6129572
fedora19,master:22c38e2d8a058619e3d05534b5e830b750aa4241,1.8_M2.rc2,1:23:57,8:04.72,1:22:27,4:23.50,0:35.13,0:16.09,0:01.64,25622484,6129380
fedora19,master:5c1c8af083ca7b57cc339d16ce0513b27c5dac90,1.8_M3.rc3,1:19:08,8:27.84,1:15:11,4:28.24,0:35.01,0:16.14,0:01.57,26423620,6234972
fedora19,master:5c1c8af083ca7b57cc339d16ce0513b27c5dac90,1.8_M3.rc3,1:20:09,8:27.54,1:15:38,4:23.66,0:34.91,0:16.13,0:01.60,26421352,6235008
fedora19,master:5c1c8af083ca7b57cc339d16ce0513b27c5dac90,1.8_M3.rc3,1:19:40,8:24.49,1:15:27,4:24.23,0:34.91,0:16.04,0:01.58,26419368,6235172
fedora19,master:5c76cebc24675edb3dff473fce9b67cedff615db,1.8_M4.rc1,1:21:48,8:32.45,1:17:09,4:29.88,0:35.26,0:16.33,0:01.61,26615556,6252072
fedora19,master:5c76cebc24675edb3dff473fce9b67cedff615db,1.8_M4.rc1,1:21:09,8:29.53,1:16:44,4:29.21,0:35.15,0:16.28,0:01.56,26612856,6251988
fedora19,master:5c76cebc24675edb3dff473fce9b67cedff615db,1.8_M4.rc1,1:21:21,8:33.80,1:17:23,4:27.34,0:35.21,0:16.41,0:01.59,26617400,6252020
fedora19,master:5c76cebc24675edb3dff473fce9b67cedff615db,1.8_M4.rc1,1:21:03,8:31.77,1:16:45,4:29.31,0:35.34,0:16.32,0:01.61,26613096,6251976
fedora19,master:5c76cebc24675edb3dff473fce9b67cedff615db,1.8_M4.rc1,1:21:28,8:33.17,1:17:14,4:28.14,0:35.37,0:16.38,0:01.58,26617104,6252092
fedora19,master:5c76cebc24675edb3dff473fce9b67cedff615db,1.8_M4.rc1,1:21:35,8:31.08,1:16:35,4:37.52,0:35.17,0:16.29,0:01.63,26611768,6252564
fedora19,master:5c76cebc24675edb3dff473fce9b67cedff615db,1.8_M4.rc1,1:21:44,8:34.18,1:16:25,4:41.94,0:35.30,0:16.23,0:01.61,26614540,6252072
fedora19,master:5c76cebc24675edb3dff473fce9b67cedff615db,1.8_M4.rc1,1:21:13,8:32.65,1:17:09,4:29.77,0:35.18,0:16.34,0:01.63,26613376,6252044
fedora19,master:5c76cebc24675edb3dff473fce9b67cedff615db,1.8_M4.rc1,1:21:17,8:32.03,1:16:53,4:30.38,0:35.18,0:16.39,0:01.58,26628376,6252076
fedora19,master:5c76cebc24675edb3dff473fce9b67cedff615db,1.8_M4.rc1,1:21:11,8:32.30,1:17:20,4:27.93,0:35.19,0:16.36,0:01.59,26618036,6251968
fedora19,master:5c76cebc24675edb3dff473fce9b67cedff615db,1.8_M4.rc1,1:21:15,8:30.65,1:16:47,4:36.66,0:35.18,0:16.31,0:01.62,26628680,6252228
fedora19,master:5c76cebc24675edb3dff473fce9b67cedff615db,1.8_M4.rc1,1:20:54,8:31.44,1:17:10,4:28.58,0:35.15,0:16.37,0:01.60,26611384,6251944
fedora19,master:5c76cebc24675edb3dff473fce9b67cedff615db,1.8_M4.rc1,1:21:05,8:33.18,1:16:56,4:27.14,0:35.48,0:16.36,0:01.56,26617060,6252080
fedora19,master:5c76cebc24675edb3dff473fce9b67cedff615db,1.8_M4.rc1,1:21:21,8:30.28,1:17:11,4:26.81,0:35.31,0:16.30,0:01.61,26616904,6252084
fedora19,master:5c76cebc24675edb3dff473fce9b67cedff615db,1.8_M4.rc1,1:21:46,8:30.00,1:16:34,4:26.78,0:35.28,0:16.37,0:01.73,26614004,6251952
fedora19,master:5c76cebc24675edb3dff473fce9b67cedff615db,1.8_M4.rc1,1:21:28,8:30.07,1:17:16,4:29.69,0:35.44,0:16.37,0:01.56,26611104,6252176
fedora19,master:5c76cebc24675edb3dff473fce9b67cedff615db,1.8_M4.rc1,1:21:16,8:31.17,1:17:20,4:31.57,0:35.18,0:16.38,0:01.55,26612856,6252092
fedora19,master:5c76cebc24675edb3dff473fce9b67cedff615db,1.8_M4.rc1,1:21:11,8:32.64,1:16:48,4:28.68,0:35.19,0:16.21,0:01.61,26617504,6251892
fedora19,master:5c76cebc24675edb3dff473fce9b67cedff615db,1.8_M4.rc1,1:20:39,8:34.20,1:17:40,4:25.31,0:35.34,0:16.37,0:01.56,26613088,6252128
fedora19,master:5c76cebc24675edb3dff473fce9b67cedff615db,1.8_M4.rc1,1:21:17,8:32.05,1:16:48,4:27.00,0:35.41,0:16.37,0:01.60,26613008,6252044
fedora19,master:5c76cebc24675edb3dff473fce9b67cedff615db,1.8_M4.rc1,1:21:14,8:31.89,1:16:30,4:28.20,0:35.23,0:16.35,0:01.55,26629216,6251844
fedora19,master:5c76cebc24675edb3dff473fce9b67cedff615db,1.8_M4.rc1,1:21:29,8:28.74,1:16:27,4:31.62,0:35.28,0:16.27,0:01.59,26611036,6251908
fedora19,master:5c76cebc24675edb3dff473fce9b67cedff615db,1.8_M4.rc1,1:21:33,8:33.30,1:17:08,4:29.46,0:35.28,0:16.43,0:01.61,26614732,6252188
fedora19,master:5c76cebc24675edb3dff473fce9b67cedff615db,1.8_M4.rc1,1:22:07,8:35.71,1:17:15,4:26.78,0:35.49,0:16.35,0:01.60,26615120,6251936
fedora19,master:5c76cebc24675edb3dff473fce9b67cedff615db,1.8_M4.rc1,1:21:51,8:35.62,1:17:37,4:31.59,0:35.33,0:16.33,0:01.64,26611408,6252060
fedora19,master:5c76cebc24675edb3dff473fce9b67cedff615db,1.8_M4.rc1,1:22:07,8:33.72,1:17:06,4:32.12,0:35.28,0:16.26,0:01.66,26615728,6252072
fedora19,master:33558eacc8a2d3dce3396b9ab2fd0773ac5076bc,1.8_M4.rc2,1:21:37,8:31.55,1:16:51,4:30.05,0:35.08,0:16.40,0:01.59,26669224,6225744
fedora19,master:33558eacc8a2d3dce3396b9ab2fd0773ac5076bc,1.8_M4.rc2,1:22:09,8:34.60,1:16:36,4:28.15,0:35.40,0:16.29,0:01.54,26671524,6225968
fedora19,master:33558eacc8a2d3dce3396b9ab2fd0773ac5076bc,1.8_M4.rc2,1:21:34,8:30.77,1:16:51,4:26.73,0:35.23,0:16.29,0:01.59,26669640,6225840
fedora19,master:33558eacc8a2d3dce3396b9ab2fd0773ac5076bc,1.8_M4.rc2,1:22:14,8:30.32,1:16:22,4:27.78,0:35.48,0:16.34,0:01.60,26690624,6225808
fedora19,master:33558eacc8a2d3dce3396b9ab2fd0773ac5076bc,1.8_M4.rc2,1:22:15,8:34.34,1:17:04,4:34.47,0:35.23,0:16.26,0:01.60,26675568,6226100
fedora19,master:33558eacc8a2d3dce3396b9ab2fd0773ac5076bc,1.8_M4.rc2,1:22:18,8:33.67,1:16:56,4:26.96,0:35.03,0:16.39,0:01.60,26669800,6225848
fedora19,master:33558eacc8a2d3dce3396b9ab2fd0773ac5076bc,1.8_M4.rc2,1:21:03,8:30.38,1:16:33,4:25.49,0:35.17,0:16.27,0:01.55,26669480,6226024
fedora19,master:33558eacc8a2d3dce3396b9ab2fd0773ac5076bc,1.8_M4.rc2,1:21:45,8:30.54,1:16:50,4:31.94,0:35.37,0:16.46,0:01.61,26669520,6225764
fedora19,master:b74ea963cefffad9fbd91d4eb9b240f6a8c86cd0,1.8.1.rc1,1:22:08,8:39.24,1:17:18,4:25.04,0:35.20,0:16.31,0:01.61,26522624,6152448
fedora19,master:b74ea963cefffad9fbd91d4eb9b240f6a8c86cd0,1.8.1.rc1,1:21:20,8:43.47,1:16:53,4:24.21,0:35.56,0:16.33,0:01.56,26524888,6152672
fedora19,master:b74ea963cefffad9fbd91d4eb9b240f6a8c86cd0,1.8.1.rc1,1:22:17,8:43.17,1:16:37,4:27.32,0:35.39,0:16.38,0:01.63,26522556,6152568
fedora19,master:b74ea963cefffad9fbd91d4eb9b240f6a8c86cd0,1.8.1.rc1,1:23:52,8:38.25,1:17:02,4:29.70,0:35.28,0:16.29,0:01.54,26521848,6153052
fedora19,master:48b5ea6782ec7e9ab8f9a28438ef0ededa5fe224,1.9_M1.rc1,1:25:48,8:39.79,1:20:26,4:42.06,0:35.89,0:16.38,0:01.50,27271532,5690728
fedora19,master:48b5ea6782ec7e9ab8f9a28438ef0ededa5fe224,1.9_M1.rc1,1:26:37,8:39.72,1:19:19,4:15.06,0:35.74,0:16.40,0:01.51,27270640,5690776
fedora19,master:48b5ea6782ec7e9ab8f9a28438ef0ededa5fe224,1.9_M1.rc1,1:25:58,8:39.84,1:19:42,4:23.58,0:35.70,0:16.32,0:01.51,27269340,5690672
fedora19,master:48b5ea6782ec7e9ab8f9a28438ef0ededa5fe224,1.9_M1.rc1,1:25:32,8:40.41,1:19:39,4:17.15,0:35.71,0:16.43,0:01.49,27268028,5690768
fedora19,master:48b5ea6782ec7e9ab8f9a28438ef0ededa5fe224,1.9_M1.rc1,1:25:32,8:43.22,1:19:37,4:28.84,0:35.62,0:16.40,0:01.51,27268868,5690652
fedora19,master:48b5ea6782ec7e9ab8f9a28438ef0ededa5fe224,1.9_M1.rc1,1:26:10,8:41.27,1:19:44,4:19.96,0:35.69,0:16.43,0:01.51,27269376,5690628
fedora19,master:f9ea480e6c26fea46c3011c4e9d0e2de3d5c81b4,1.9_M1.rc2,1:27:14,8:43.07,1:19:46,3:54.33,0:36.32,0:16.46,0:01.45,27323488,5708880
fedora19,master:f9ea480e6c26fea46c3011c4e9d0e2de3d5c81b4,1.9_M1.rc2,1:27:06,8:43.05,1:19:55,3:55.34,0:35.93,0:16.43,0:01.51,27320756,5708520
fedora19,master:f9ea480e6c26fea46c3011c4e9d0e2de3d5c81b4,1.9_M1.rc2,1:26:33,8:42.84,1:20:26,3:57.34,0:36.15,0:16.44,0:01.53,27321980,5708628
fedora19,master:f9ea480e6c26fea46c3011c4e9d0e2de3d5c81b4,1.9_M1.rc2,1:26:29,8:43.86,1:20:17,3:54.03,0:35.93,0:16.49,0:01.51,27336660,5708744
fedora19,master:f9ea480e6c26fea46c3011c4e9d0e2de3d5c81b4,1.9_M1.rc2,1:26:34,8:43.64,1:19:48,3:52.91,0:36.07,0:16.48,0:01.51,27339048,5708568
fedora19,master:a8b723498c9a7106210db140452886894494b4d6,1.9_M2.rc1,1:30:30,8:37.89,1:22:07,3:32.30,0:37.38,0:17.80,0:01.71,27811772,5765036
fedora19,master:a8b723498c9a7106210db140452886894494b4d6,1.9_M2.rc1,1:28:59,8:36.96,1:21:10,3:24.91,0:37.55,0:17.82,0:01.68,27798684,5764832
fedora19,master:a8b723498c9a7106210db140452886894494b4d6,1.9_M2.rc1,1:28:23,8:35.93,1:21:14,3:25.67,0:37.87,0:17.90,0:01.70,27796324,5764952
fedora19,master:a8b723498c9a7106210db140452886894494b4d6,1.9_M2.rc1,1:28:37,8:38.23,1:21:19,3:24.62,0:37.97,0:17.80,0:01.62,27798264,5765352
fedora19,master:a8b723498c9a7106210db140452886894494b4d6,1.9_M2.rc1,1:28:15,8:45.65,1:21:30,3:29.90,0:37.43,0:17.71,0:01.76,27796244,5764944
fedora19,master:a8b723498c9a7106210db140452886894494b4d6,1.9_M2.rc1,1:28:47,8:39.47,1:21:37,3:25.60,0:37.62,0:17.83,0:01.61,27796912,5764972
fedora19,master:a8b723498c9a7106210db140452886894494b4d6,1.9_M2.rc1,1:28:28,8:34.38,1:21:44,3:24.86,0:37.47,0:17.81,0:01.68,27799372,5764816
fedora19,master:a8b723498c9a7106210db140452886894494b4d6,1.9_M2.rc1,1:27:35,8:35.22,1:20:56,3:21.76,0:37.68,0:17.82,0:01.68,27801808,5764928
fedora19,master:a8b723498c9a7106210db140452886894494b4d6,1.9_M2.rc1,1:27:38,8:39.53,1:20:46,3:37.35,0:37.51,0:17.67,0:01.63,27798576,5764868
fedora19,master:c75cefe8a382a63f625123c156137782db118f64,1.9_M2.rc2,1:28:53,8:36.30,1:21:13,3:21.58,0:37.38,0:17.82,0:01.67,27798528,5764868
fedora19,master:c75cefe8a382a63f625123c156137782db118f64,1.9_M2.rc2,1:27:54,8:36.96,1:20:59,3:25.46,0:37.61,0:17.79,0:01.68,27797188,5764972
fedora19,master:c75cefe8a382a63f625123c156137782db118f64,1.9_M2.rc2,1:27:42,8:34.16,1:21:15,3:26.38,0:37.54,0:17.87,0:01.68,27813048,5764948
fedora19,master:c75cefe8a382a63f625123c156137782db118f64,1.9_M2.rc2,1:28:16,8:40.24,1:20:58,3:26.03,0:37.41,0:17.79,0:01.62,27807992,5764976
fedora19,master:ea562de57590c966cd5a75fda8defecd397e6436,1.9_M3.rc1,1:32:41,8:58.31,1:25:10,3:28.30,0:35.92,0:18.01,0:01.88,29478676,6506948
fedora19,master:ea562de57590c966cd5a75fda8defecd397e6436,1.9_M3.rc1,1:32:19,8:54.88,1:25:06,3:28.33,0:36.22,0:17.96,0:01.89,29480336,6507208
fedora19,master:ea562de57590c966cd5a75fda8defecd397e6436,1.9_M3.rc1,1:32:45,8:57.30,1:26:06,3:42.27,0:35.71,0:18.01,0:01.82,29479564,6507272
fedora19,master:ea562de57590c966cd5a75fda8defecd397e6436,1.9_M3.rc1,1:32:45,8:57.76,1:26:03,3:30.43,0:36.30,0:18.34,0:01.86,29477728,6507064
fedora19,master:ea562de57590c966cd5a75fda8defecd397e6436,1.9_M3.rc1,1:32:27,8:58.30,1:25:34,3:27.50,0:36.07,0:18.05,0:01.87,29478880,6507104
fedora19,master:ea562de57590c966cd5a75fda8defecd397e6436,1.9_M3.rc1,1:32:44,8:59.91,1:25:41,3:28.01,0:36.24,0:18.06,0:01.91,29479612,6507216
fedora19,master:ea562de57590c966cd5a75fda8defecd397e6436,1.9_M3.rc1,1:32:21,8:57.58,1:25:31,3:36.65,0:36.15,0:18.15,0:01.83,29479668,6506976
fedora19,master:ea562de57590c966cd5a75fda8defecd397e6436,1.9_M3.rc1,1:32:44,8:58.40,1:26:11,3:40.75,0:36.38,0:18.11,0:01.83,29481504,6507080
fedora19,master:ea562de57590c966cd5a75fda8defecd397e6436,1.9_M3.rc1,1:33:51,8:55.49,1:25:30,3:28.72,0:36.03,0:18.17,0:01.82,29477720,6507144
fedora19,master:ea562de57590c966cd5a75fda8defecd397e6436,1.9_M3.rc1,1:33:16,8:59.13,1:25:45,3:33.58,0:36.26,0:18.02,0:01.90,29483156,6507000
fedora19,master:ea562de57590c966cd5a75fda8defecd397e6436,1.9_M3.rc1,1:32:58,8:59.83,1:25:34,3:30.08,0:36.13,0:18.03,0:01.89,29482312,6507008
fedora19,master:ea562de57590c966cd5a75fda8defecd397e6436,1.9_M3.rc1,1:32:48,8:59.14,1:25:59,3:28.11,0:36.07,0:18.18,0:01.90,29480344,6507336
fedora19,master:ea562de57590c966cd5a75fda8defecd397e6436,1.9_M3.rc1,1:33:08,8:57.18,1:26:11,3:30.45,0:36.35,0:18.05,0:01.84,29479936,6507228
fedora19,master:ea562de57590c966cd5a75fda8defecd397e6436,1.9_M3.rc1,1:33:19,8:58.19,1:25:34,3:41.29,0:36.26,0:18.14,0:01.90,29479288,6507100
fedora19,master:ea562de57590c966cd5a75fda8defecd397e6436,1.9_M3.rc1,1:32:39,8:56.03,1:25:37,3:31.00,0:36.04,0:18.06,0:01.87,29479668,6507392
fedora19,master:ea562de57590c966cd5a75fda8defecd397e6436,1.9_M3.rc1,1:32:51,8:57.58,1:26:08,3:38.10,0:36.32,0:18.13,0:01.97,29478452,6506952
fedora19,master:ea562de57590c966cd5a75fda8defecd397e6436,1.9_M3.rc1,1:32:53,8:58.09,1:25:08,3:30.51,0:35.86,0:18.08,0:01.90,29480324,6506980
fedora19,master:ea562de57590c966cd5a75fda8defecd397e6436,1.9_M3.rc1,1:32:16,8:59.09,1:25:32,3:45.71,0:36.36,0:17.96,0:01.83,29479784,6507116
fedora19,master:eac61f37e36099f74485dab398b57f3812826d17,2.0.rc1,1:32:25,8:50.05,1:25:10,3:25.13,0:36.91,0:18.12,0:01.91,29483560,6503768
fedora19,master:eac61f37e36099f74485dab398b57f3812826d17,2.0.rc1,1:32:50,8:45.39,1:25:25,3:28.90,0:36.95,0:18.14,0:01.92,29483140,6503900
fedora19,master:eac61f37e36099f74485dab398b57f3812826d17,2.0.rc1,1:32:47,8:53.18,1:26:00,3:29.63,0:36.87,0:18.10,0:01.91,29484012,6503932
fedora19,master:eac61f37e36099f74485dab398b57f3812826d17,2.0.rc1,1:33:49,8:46.76,1:25:08,3:27.61,0:36.68,0:17.97,0:01.93,29484772,6503940
fedora19,master:eac61f37e36099f74485dab398b57f3812826d17,2.0.rc1,1:32:43,8:46.47,1:25:20,3:30.67,0:36.90,0:18.06,0:01.89,29484560,6504028
fedora19,master:eac61f37e36099f74485dab398b57f3812826d17,2.0.rc1,1:33:15,8:48.03,1:25:28,3:30.30,0:37.03,0:17.90,0:01.93,29482504,6503676
fedora19,master:eac61f37e36099f74485dab398b57f3812826d17,2.0.rc1,1:32:40,8:52.87,1:25:25,3:28.30,0:37.02,0:18.05,0:01.91,29484084,6503908
fedora19,master:eac61f37e36099f74485dab398b57f3812826d17,2.0.rc1,1:32:36,8:45.50,1:25:24,3:27.40,0:37.18,0:18.08,0:01.91,29483944,6504024
fedora19,master:eac61f37e36099f74485dab398b57f3812826d17,2.0.rc1,1:32:58,8:49.37,1:25:07,3:26.55,0:37.29,0:17.98,0:02.00,29482748,6504048
fedora19,master:eac61f37e36099f74485dab398b57f3812826d17,2.0.rc1,1:33:48,8:54.81,1:25:33,3:29.96,0:37.26,0:18.21,0:01.95,29483084,6503964
fedora19,master:eac61f37e36099f74485dab398b57f3812826d17,2.0.rc1,1:32:33,8:48.15,1:24:53,3:28.58,0:37.09,0:18.07,0:01.94,29484108,6503888
fedora19,master:eac61f37e36099f74485dab398b57f3812826d17,2.0.rc1,1:33:04,8:50.32,1:25:20,3:28.91,0:36.99,0:18.08,0:01.90,29483512,6503948
fedora19,master:eac61f37e36099f74485dab398b57f3812826d17,2.0.rc1,1:32:22,8:58.41,1:25:06,3:35.31,0:36.82,0:18.19,0:02.01,29482752,6503800
fedora19,master:eac61f37e36099f74485dab398b57f3812826d17,2.0.rc1,1:32:52,8:54.67,1:25:38,3:27.26,0:36.47,0:17.98,0:01.95,29485792,6503884
fedora19,master:eac61f37e36099f74485dab398b57f3812826d17,2.0.rc1,1:32:41,8:50.27,1:25:22,3:24.97,0:36.62,0:17.95,0:01.92,29485380,6504044
fedora19,master:eac61f37e36099f74485dab398b57f3812826d17,2.0.rc1,1:32:52,8:46.36,1:25:31,3:29.89,0:37.06,0:18.12,0:01.93,29483760,6503964
fedora19,master:505a82673ac2487df5ea343a6422c2fc47018831,2.0.rc2,1:33:26,8:48.07,1:25:38,3:16.34,0:36.95,0:17.94,0:01.93,29569416,6268092
fedora19,master:505a82673ac2487df5ea343a6422c2fc47018831,2.0.rc2,1:33:42,8:48.43,1:25:28,3:16.19,0:36.91,0:18.12,0:01.92,29567536,6268172
fedora19,master:505a82673ac2487df5ea343a6422c2fc47018831,2.0.rc2,1:33:21,8:47.35,1:25:21,3:13.29,0:36.61,0:18.14,0:01.94,29567944,6267984
fedora19,master:505a82673ac2487df5ea343a6422c2fc47018831,2.0.rc2,1:32:17,8:46.90,1:25:08,3:15.90,0:37.02,0:18.04,0:01.91,29567804,6268200
fedora19,master:505a82673ac2487df5ea343a6422c2fc47018831,2.0.rc2,1:32:15,8:44.78,1:25:17,3:15.58,0:36.69,0:18.00,0:01.92,29572220,6267880
fedora19,master:505a82673ac2487df5ea343a6422c2fc47018831,2.0.rc2,1:32:09,8:47.26,1:25:10,3:18.09,0:37.09,0:18.05,0:01.94,29568008,6268132
fedora19,master:505a82673ac2487df5ea343a6422c2fc47018831,2.0.rc2,1:33:15,8:45.52,1:25:23,3:16.68,0:36.74,0:18.09,0:01.95,29567672,6268112
fedora19,master:505a82673ac2487df5ea343a6422c2fc47018831,2.0.rc2,1:33:06,8:46.65,1:25:39,3:29.03,0:37.22,0:17.98,0:01.96,29567784,6268164
fedora19,master:505a82673ac2487df5ea343a6422c2fc47018831,2.0.rc2,1:34:02,8:47.78,1:25:23,3:27.12,0:36.92,0:18.17,0:01.95,29567796,6268056
fedora19,master:505a82673ac2487df5ea343a6422c2fc47018831,2.0.rc2,1:33:10,8:50.02,1:24:56,3:18.77,0:37.42,0:18.14,0:01.97,29568564,6268164
fedora19,master:505a82673ac2487df5ea343a6422c2fc47018831,2.0.rc2,1:32:33,8:44.12,1:25:23,3:14.39,0:36.84,0:18.14,0:01.90,29567344,6268180
fedora19,master:505a82673ac2487df5ea343a6422c2fc47018831,2.0.rc2,1:32:39,8:46.63,1:24:59,3:15.25,0:37.65,0:18.01,0:01.89,29568780,6268080
fedora19,master:505a82673ac2487df5ea343a6422c2fc47018831,2.0.rc2,1:33:39,8:46.31,1:25:18,3:16.31,0:37.13,0:18.05,0:01.92,29567808,6268024
fedora19,master:505a82673ac2487df5ea343a6422c2fc47018831,2.0.rc2,1:32:19,8:44.35,1:25:18,3:16.64,0:36.81,0:18.20,0:01.93,29570244,6268160
fedora19,master:505a82673ac2487df5ea343a6422c2fc47018831,2.0.rc2,1:32:59,8:45.36,1:25:17,3:17.57,0:37.10,0:18.11,0:01.95,29571108,6267964
fedora19,master:505a82673ac2487df5ea343a6422c2fc47018831,2.0.rc2,1:33:15,8:47.28,1:25:25,3:15.88,0:36.99,0:18.08,0:01.87,29568100,6267928
fedora19,master:505a82673ac2487df5ea343a6422c2fc47018831,2.0.rc2,1:33:01,8:46.56,1:25:19,3:16.22,0:37.28,0:18.09,0:01.86,29569072,6268204
fedora19,master:505a82673ac2487df5ea343a6422c2fc47018831,2.0.rc2,1:33:23,8:49.73,1:25:07,3:17.01,0:36.95,0:17.98,0:01.94,29570924,6268060
fedora19,master:505a82673ac2487df5ea343a6422c2fc47018831,2.0.rc2,1:32:28,8:53.53,1:25:51,3:13.44,0:36.82,0:18.08,0:01.88,29568044,6267884
fedora19,master:505a82673ac2487df5ea343a6422c2fc47018831,2.0.rc2,1:33:29,8:43.84,1:25:09,3:20.38,0:37.03,0:18.03,0:01.95,29567812,6268004
fedora19,master:fc45deac89ef63ca1c44e763c38ced7dfd72cbe1,2.0.rc3,1:34:26,8:49.91,1:25:31,3:13.95,0:36.94,0:18.14,0:01.90,29564236,6265740
fedora19,master:fc45deac89ef63ca1c44e763c38ced7dfd72cbe1,2.0.rc3,1:34:10,8:48.04,1:25:27,3:20.38,0:36.60,0:17.98,0:01.92,29563708,6265648
fedora19,master:fc45deac89ef63ca1c44e763c38ced7dfd72cbe1,2.0.rc3,1:33:43,8:48.27,1:25:30,3:11.16,0:36.71,0:17.97,0:01.93,29562952,6265812
fedora19,master:fc45deac89ef63ca1c44e763c38ced7dfd72cbe1,2.0.rc3,1:34:07,8:56.24,1:24:54,3:04.20,0:36.55,0:18.00,0:01.91,29563048,6265700
fedora19,master:fc45deac89ef63ca1c44e763c38ced7dfd72cbe1,2.0.rc3,1:33:09,8:46.17,1:25:06,3:07.41,0:36.70,0:18.13,0:01.93,29564772,6265628
fedora19,master:fc45deac89ef63ca1c44e763c38ced7dfd72cbe1,2.0.rc3,1:33:53,8:55.84,1:25:06,3:09.19,0:36.89,0:18.15,0:01.85,29564380,6265868
fedora19,master:fc45deac89ef63ca1c44e763c38ced7dfd72cbe1,2.0.rc3,1:33:11,8:47.14,1:25:13,3:07.65,0:36.87,0:18.11,0:01.86,29564920,6265748
fedora19,master:fc45deac89ef63ca1c44e763c38ced7dfd72cbe1,2.0.rc3,1:33:08,8:48.61,1:25:14,3:09.72,0:37.62,0:18.36,0:01.96,29565076,6265552
fedora19,master:fc45deac89ef63ca1c44e763c38ced7dfd72cbe1,2.0.rc3,1:33:34,8:47.65,1:25:08,3:09.80,0:36.67,0:18.02,0:01.93,29564900,6265816
fedora19,master:fc45deac89ef63ca1c44e763c38ced7dfd72cbe1,2.0.rc3,1:33:34,8:49.12,1:25:08,3:08.96,0:36.75,0:18.11,0:01.94,29564520,6265684
fedora19,master:fc45deac89ef63ca1c44e763c38ced7dfd72cbe1,2.0.rc3,1:33:16,8:49.93,1:25:23,3:05.87,0:36.67,0:18.12,0:01.88,29564784,6265804
fedora19,master:fc45deac89ef63ca1c44e763c38ced7dfd72cbe1,2.0.rc3,1:33:46,8:49.30,1:25:04,3:06.33,0:36.88,0:18.25,0:01.85,29565336,6265780
fedora19,master:fc45deac89ef63ca1c44e763c38ced7dfd72cbe1,2.0.rc3,1:33:54,8:48.79,1:25:26,3:08.33,0:36.57,0:18.09,0:01.93,29565532,6265888
fedora19,master:5f406915b5e26761faa4ea5e0edd887ac5ae6e2f,2.1_M1.rc1,1:33:43,8:52.42,1:26:21,3:41.38,0:38.92,0:19.68,0:02.16,30097036,6335396
fedora19,master:5f406915b5e26761faa4ea5e0edd887ac5ae6e2f,2.1_M1.rc1,1:33:50,8:52.65,1:27:01,3:36.51,0:39.20,0:19.66,0:02.25,30098004,6335308
fedora19,master:5f406915b5e26761faa4ea5e0edd887ac5ae6e2f,2.1_M1.rc1,1:34:25,8:51.92,1:26:44,3:40.86,0:38.94,0:19.68,0:02.26,30095432,6335252
fedora19,master:5f406915b5e26761faa4ea5e0edd887ac5ae6e2f,2.1_M1.rc1,1:34:32,8:59.86,1:26:42,3:36.43,0:38.83,0:19.82,0:02.18,30095900,6335432
fedora19,master:5f406915b5e26761faa4ea5e0edd887ac5ae6e2f,2.1_M1.rc1,1:34:34,8:50.65,1:26:30,3:38.70,0:39.22,0:19.84,0:02.27,30097020,6335380
fedora19,master:5f406915b5e26761faa4ea5e0edd887ac5ae6e2f,2.1_M1.rc1,1:33:50,8:55.38,1:26:52,3:35.17,0:38.91,0:19.73,0:02.18,30097556,6335348
fedora19,master:5f406915b5e26761faa4ea5e0edd887ac5ae6e2f,2.1_M1.rc1,1:34:11,8:56.17,1:26:56,3:38.82,0:38.61,0:19.74,0:02.25,30096636,6335332
fedora19,master:5f406915b5e26761faa4ea5e0edd887ac5ae6e2f,2.1_M1.rc1,1:34:20,8:53.81,1:26:10,3:41.94,0:38.93,0:19.76,0:02.18,30095888,6335392
fedora19,master:5f406915b5e26761faa4ea5e0edd887ac5ae6e2f,2.1_M1.rc1,1:33:36,8:50.16,1:26:24,3:42.82,0:38.74,0:19.72,0:02.21,30095652,6335268
fedora19,master:5f406915b5e26761faa4ea5e0edd887ac5ae6e2f,2.1_M1.rc1,1:33:39,8:51.18,1:26:55,3:45.26,0:38.97,0:19.80,0:02.23,30098048,6335408
fedora19,master:5f406915b5e26761faa4ea5e0edd887ac5ae6e2f,2.1_M1.rc1,1:34:20,8:54.42,1:26:35,3:34.89,0:38.68,0:19.76,0:02.18,30097396,6335248
fedora19,master:5f406915b5e26761faa4ea5e0edd887ac5ae6e2f,2.1_M1.rc1,1:34:21,8:58.84,1:27:25,3:37.54,0:39.06,0:19.77,0:02.19,30097120,6335372
fedora19,master:5f406915b5e26761faa4ea5e0edd887ac5ae6e2f,2.1_M1.rc1,1:35:03,8:53.76,1:26:43,3:33.79,0:38.68,0:19.73,0:02.24,30095604,6335264
fedora19,master:5f406915b5e26761faa4ea5e0edd887ac5ae6e2f,2.1_M1.rc1,1:35:19,8:49.50,1:26:53,3:37.55,0:38.47,0:19.77,0:02.26,30096992,6335276
fedora19,master:3d2c0f5902cacf9d8544bf263b51ef0dd1a7218c,2.1_M2.rc1,1:35:26,9:00.30,1:27:48,3:16.70,0:33.83,0:17.17,0:01.63,30075820,6242668
fedora19,master:3d2c0f5902cacf9d8544bf263b51ef0dd1a7218c,2.1_M2.rc1,1:35:42,9:10.16,1:27:02,3:15.67,0:33.80,0:17.09,0:01.72,30075584,6242720
fedora19,master:3d2c0f5902cacf9d8544bf263b51ef0dd1a7218c,2.1_M2.rc1,1:36:17,9:03.77,1:27:37,3:20.63,0:33.86,0:17.12,0:01.66,30076832,6242592
fedora19,master:3d2c0f5902cacf9d8544bf263b51ef0dd1a7218c,2.1_M2.rc1,1:36:40,8:55.35,1:27:07,3:15.79,0:34.02,0:17.26,0:01.65,30076576,6242700
fedora19,master:3d2c0f5902cacf9d8544bf263b51ef0dd1a7218c,2.1_M2.rc1,1:35:29,9:07.95,1:27:17,3:13.37,0:33.89,0:17.24,0:01.68,30076700,6242752
fedora19,master:3d2c0f5902cacf9d8544bf263b51ef0dd1a7218c,2.1_M2.rc1,1:35:04,8:51.03,1:27:14,3:14.36,0:34.21,0:17.14,0:01.69,30076608,6242676
fedora19,master:3d2c0f5902cacf9d8544bf263b51ef0dd1a7218c,2.1_M2.rc1,1:33:38,8:54.54,1:27:33,3:14.94,0:33.81,0:17.23,0:01.71,30076764,6242576
fedora19,master:3d2c0f5902cacf9d8544bf263b51ef0dd1a7218c,2.1_M2.rc1,1:33:49,8:50.02,1:26:56,3:12.35,0:33.80,0:17.04,0:01.65,30076076,6242760
fedora19,master:3d2c0f5902cacf9d8544bf263b51ef0dd1a7218c,2.1_M2.rc1,1:36:04,9:05.44,1:27:14,3:13.75,0:33.78,0:17.16,0:01.71,30078788,6242756
fedora19,master:3d2c0f5902cacf9d8544bf263b51ef0dd1a7218c,2.1_M2.rc1,1:35:16,9:01.46,1:27:09,3:14.06,0:33.83,0:17.17,0:01.68,30077672,6242692
fedora19,master:3d2c0f5902cacf9d8544bf263b51ef0dd1a7218c,2.1_M2.rc1,1:34:50,8:56.55,1:26:48,3:15.46,0:33.93,0:17.33,0:01.63,30077076,6242808
fedora19,master:3d2c0f5902cacf9d8544bf263b51ef0dd1a7218c,2.1_M2.rc1,1:36:03,9:03.12,1:27:20,3:21.85,0:34.00,0:17.06,0:01.69,30076548,6242776
fedora19,master:3d2c0f5902cacf9d8544bf263b51ef0dd1a7218c,2.1_M2.rc1,1:35:12,8:56.13,1:27:11,3:14.86,0:33.72,0:17.19,0:01.69,30076512,6242692
fedora19,master:152914f2983c5d69001de1d46ce99547fa1e75fe,2.1_M2.rc3,1:31:18,9:20.79,1:23:43,2:54.81,0:25.94,0:16.61,0:01.76,28764792,5801744
fedora19,master:152914f2983c5d69001de1d46ce99547fa1e75fe,2.1_M2.rc3,1:31:11,9:22.95,1:23:22,2:57.05,0:25.87,0:16.61,0:01.63,28764916,5801952
fedora19,master:152914f2983c5d69001de1d46ce99547fa1e75fe,2.1_M2.rc3,1:32:00,9:25.38,1:23:23,2:53.33,0:25.80,0:16.68,0:01.64,28766124,5801668
fedora19,master:152914f2983c5d69001de1d46ce99547fa1e75fe,2.1_M2.rc3,1:31:01,9:18.71,1:23:49,2:51.28,0:26.71,0:16.72,0:01.62,28764672,5802036
fedora19,master:152914f2983c5d69001de1d46ce99547fa1e75fe,2.1_M2.rc3,1:31:02,9:19.66,1:23:39,2:51.57,0:25.83,0:16.68,0:01.69,28764928,5802144
fedora19,master:152914f2983c5d69001de1d46ce99547fa1e75fe,2.1_M2.rc3,1:31:41,9:20.92,1:23:37,2:54.27,0:25.75,0:16.69,0:01.68,28764396,5801988
fedora19,master:8debfea81e69d038bd2d56314b272cb74f5582ed,2.1_M3.rc1,1:27:51,7:10.56,1:23:26,3:02.77,0:25.90,0:16.68,0:01.65,4:16.12,25723700,5432560,1229701
fedora19,master:8debfea81e69d038bd2d56314b272cb74f5582ed,2.1_M3.rc1,1:27:48,7:11.77,1:23:40,2:59.03,0:25.85,0:16.64,0:01.66,3:58.10,25722724,5432416,1229503
fedora19,master:8debfea81e69d038bd2d56314b272cb74f5582ed,2.1_M3.rc1,1:27:16,7:10.77,1:24:15,2:57.74,0:25.98,0:16.71,0:01.73,4:05.55,25723860,5432528,1229623
fedora19,master:8debfea81e69d038bd2d56314b272cb74f5582ed,2.1_M3.rc1,1:28:05,7:14.92,1:23:36,2:58.55,0:26.08,0:16.74,0:01.65,4:01.24,25722760,5432272,1229370
fedora19,master:8debfea81e69d038bd2d56314b272cb74f5582ed,2.1_M3.rc1,1:28:26,7:14.24,1:22:56,3:02.74,0:26.01,0:16.72,0:01.73,3:54.52,25723672,5432420,1229529
fedora19,master:8debfea81e69d038bd2d56314b272cb74f5582ed,2.1_M3.rc1,1:27:53,7:16.20,1:23:12,3:01.42,0:25.93,0:16.70,0:01.66,4:08.77,25723548,5432384,1229520
fedora19,master:8debfea81e69d038bd2d56314b272cb74f5582ed,2.1_M3.rc1,1:28:36,7:08.61,1:23:14,3:05.03,0:26.00,0:16.71,0:01.72,4:13.73,25723284,5432440,1229347
fedora19,master:8debfea81e69d038bd2d56314b272cb74f5582ed,2.1_M3.rc1,1:27:54,7:11.21,1:23:09,3:05.34,0:25.90,0:16.73,0:01.71,4:09.33,25723376,5432260,1229535
fedora19,master:8debfea81e69d038bd2d56314b272cb74f5582ed,2.1_M3.rc1,1:28:04,7:09.99,1:23:18,3:00.97,0:25.85,0:16.69,0:01.71,4:22.17,25722244,5432352,1230453
fedora19,master:8debfea81e69d038bd2d56314b272cb74f5582ed,2.1_M3.rc1,1:28:14,7:10.04,1:23:09,3:04.84,0:25.94,0:16.81,0:01.69,3:53.92,25722720,5432548,1229832
fedora19,master:8debfea81e69d038bd2d56314b272cb74f5582ed,2.1_M3.rc1,1:28:14,7:09.12,1:23:30,3:02.19,0:25.98,0:16.78,0:01.71,4:04.10,25721884,5432420,1230250
fedora19,master:8debfea81e69d038bd2d56314b272cb74f5582ed,2.1_M3.rc1,1:27:50,7:07.90,1:23:18,3:03.91,0:25.94,0:16.71,0:01.71,4:10.63,25722532,5432516,1230083
fedora19,master:8debfea81e69d038bd2d56314b272cb74f5582ed,2.1_M3.rc1,1:27:46,7:11.24,1:23:21,3:07.26,0:25.96,0:16.66,0:01.66,3:56.47,25722204,5432420,1230153
fedora19,master:8debfea81e69d038bd2d56314b272cb74f5582ed,2.1_M3.rc1,1:28:44,7:10.70,1:23:19,3:03.17,0:25.99,0:16.82,0:01.65,4:12.71,25721568,5432516,1229979
fedora19,master:8debfea81e69d038bd2d56314b272cb74f5582ed,2.1_M3.rc1,1:27:38,7:09.94,1:23:34,2:58.65,0:25.83,0:16.68,0:01.66,3:55.73,25724016,5432372,1230056
fedora19,master:8debfea81e69d038bd2d56314b272cb74f5582ed,2.1_M3.rc1,1:28:22,7:10.87,1:23:00,2:59.21,0:26.06,0:16.67,0:01.72,4:09.37,25722576,5432356,1230209
fedora19,master:8debfea81e69d038bd2d56314b272cb74f5582ed,2.1_M3.rc1,1:27:21,7:10.01,1:23:18,2:59.20,0:26.19,0:16.99,0:01.72,4:11.03,25722020,5432352,1229426
fedora19,master:8debfea81e69d038bd2d56314b272cb74f5582ed,2.1_M3.rc1,1:28:01,7:10.92,1:23:11,2:58.58,0:26.02,0:16.82,0:01.73,4:12.93,25723724,5432728,1229221
fedora19,master:8debfea81e69d038bd2d56314b272cb74f5582ed,2.1_M3.rc1,1:27:50,7:10.76,1:23:40,3:03.21,0:26.03,0:16.72,0:01.71,4:12.53,25722560,5432308,1229462
fedora19,master:8debfea81e69d038bd2d56314b272cb74f5582ed,2.1_M3.rc1,1:27:45,7:09.12,1:23:09,3:01.82,0:25.98,0:16.72,0:01.71,4:19.50,25723244,5432248,1229614
fedora19,master:8debfea81e69d038bd2d56314b272cb74f5582ed,2.1_M3.rc1,1:28:38,7:08.42,1:23:37,3:06.01,0:25.90,0:16.73,0:01.70,4:05.06,25722164,5432380,1230166
fedora19,master:8debfea81e69d038bd2d56314b272cb74f5582ed,2.1_M3.rc1,1:28:05,7:09.22,1:22:51,3:02.38,0:25.99,0:16.84,0:01.70,4:12.83,25722068,5432344,1229991
fedora19,master:8debfea81e69d038bd2d56314b272cb74f5582ed,2.1_M3.rc1,1:27:38,7:09.24,1:23:37,3:04.77,0:25.96,0:16.64,0:01.67,4:12.82,25722780,5432220,1230188
fedora19,master:8debfea81e69d038bd2d56314b272cb74f5582ed,2.1_M3.rc1,1:28:30,7:07.76,1:23:12,3:04.93,0:26.06,0:16.90,0:01.65,4:07.42,25722216,5432456,1229961
fedora19,master:8debfea81e69d038bd2d56314b272cb74f5582ed,2.1_M3.rc1,1:28:15,7:04.58,1:22:49,3:04.08,0:25.94,0:16.71,0:01.73,3:52.65,25724384,5432548,1229314
fedora19,master:8debfea81e69d038bd2d56314b272cb74f5582ed,2.1_M3.rc1,1:28:01,7:09.60,1:23:21,3:05.51,0:25.91,0:16.82,0:01.72,3:59.88,25722924,5432464,1229437
fedora19,master:8debfea81e69d038bd2d56314b272cb74f5582ed,2.1_M3.rc1,1:28:34,7:08.79,1:23:01,2:56.74,0:25.93,0:16.74,0:01.72,4:29.74,25721680,5432440,1229536
fedora19,master:8debfea81e69d038bd2d56314b272cb74f5582ed,2.1_M3.rc1,1:28:01,7:10.43,1:23:09,3:01.37,0:25.99,0:16.68,0:01.71,4:11.97,25724676,5432296,1229390
fedora19,master:21823cb466e79540567ad1a43ae6f93d850e4057,2.1_M3.rc2,1:28:49,7:10.82,1:23:08,3:08.66,0:26.36,0:16.72,0:01.64,4:00.12,25343088,5377948,1267045
fedora19,master:21823cb466e79540567ad1a43ae6f93d850e4057,2.1_M3.rc2,1:27:36,7:13.15,1:22:35,2:59.67,0:26.92,0:16.77,0:01.72,3:49.04,25344428,5377844,1266857
fedora19,master:21823cb466e79540567ad1a43ae6f93d850e4057,2.1_M3.rc2,1:27:50,7:15.74,1:22:47,3:04.34,0:26.01,0:16.81,0:01.71,3:48.75,25343104,5377856,1266877
fedora19,master:21823cb466e79540567ad1a43ae6f93d850e4057,2.1_M3.rc2,1:28:13,7:12.34,1:22:54,3:06.08,0:26.01,0:16.97,0:01.73,3:40.59,25346116,5377920,1266744
fedora19,master:21823cb466e79540567ad1a43ae6f93d850e4057,2.1_M3.rc2,1:27:48,7:12.99,1:22:51,3:02.33,0:25.90,0:16.67,0:01.71,4:24.70,25342976,5378144,1266777
fedora19,master:7dcb4c41272e8f611eabea991fa30df79b9e48e3,2.1_M4.rc1,1:28:26,7:10.37,1:22:58,3:10.81,0:26.29,0:17.13,0:01.74,4:22.11,25373104,5384780,1268012
fedora19,master:7dcb4c41272e8f611eabea991fa30df79b9e48e3,2.1_M4.rc1,1:28:29,7:13.02,1:23:06,3:00.87,0:26.30,0:17.02,0:01.73,4:07.08,25373024,5384416,1268212
fedora19,master:7dcb4c41272e8f611eabea991fa30df79b9e48e3,2.1_M4.rc1,1:28:22,7:14.13,1:22:55,3:05.45,0:26.28,0:17.12,0:01.72,4:05.85,25374140,5384652,1268288
fedora19,master:7dcb4c41272e8f611eabea991fa30df79b9e48e3,2.1_M4.rc1,1:29:36,7:11.04,1:22:50,3:05.80,0:26.25,0:16.97,0:01.73,4:06.36,25372172,5384504,1268313
fedora19,master:7dcb4c41272e8f611eabea991fa30df79b9e48e3,2.1_M4.rc1,1:28:13,7:15.73,1:23:00,3:04.62,0:26.18,0:16.98,0:01.67,3:53.88,25372884,5384616,1268094
fedora19,master:7dcb4c41272e8f611eabea991fa30df79b9e48e3,2.1_M4.rc1,1:29:46,7:14.85,1:23:07,3:05.17,0:26.56,0:17.29,0:01.71,4:16.09,25373632,5384552,1268260
fedora19,master:7dcb4c41272e8f611eabea991fa30df79b9e48e3,2.1_M4.rc1,1:29:21,7:02.60,1:23:24,3:12.15,0:26.20,0:17.04,0:01.71,4:03.13,25373076,5384464,1268580
fedora19,master:7dcb4c41272e8f611eabea991fa30df79b9e48e3,2.1_M4.rc1,1:28:41,7:11.87,1:23:02,3:02.54,0:26.26,0:16.89,0:01.67,4:10.64,25378316,5384440,1267835
fedora19,master:7dcb4c41272e8f611eabea991fa30df79b9e48e3,2.1_M4.rc1,1:29:06,7:19.01,1:23:13,3:06.09,0:26.30,0:17.03,0:01.68,3:54.21,25372576,5384688,1267793
fedora19,master:7dcb4c41272e8f611eabea991fa30df79b9e48e3,2.1_M4.rc1,1:29:23,7:10.20,1:23:30,3:06.95,0:26.16,0:17.13,0:01.72,4:10.98,25374428,5384352,1267510
fedora19,master:7dcb4c41272e8f611eabea991fa30df79b9e48e3,2.1_M4.rc1,1:29:04,7:12.30,1:23:21,3:06.41,0:26.22,0:17.12,0:01.72,4:15.84,25372960,5384628,1267704
fedora19,master:7dcb4c41272e8f611eabea991fa30df79b9e48e3,2.1_M4.rc1,1:28:41,7:20.20,1:22:47,3:05.70,0:26.10,0:17.25,0:01.77,4:02.50,25375404,5384612,1268267
fedora19,master:7dcb4c41272e8f611eabea991fa30df79b9e48e3,2.1_M4.rc1,1:28:37,7:12.23,1:22:54,3:05.70,0:26.31,0:16.96,0:01.65,4:19.05,25375172,5384760,1268221
fedora19,master:21823cb466e79540567ad1a43ae6f93d850e4057,2.1_M4.rc2,1:28:52,7:06.25,1:22:55,3:06.35,0:25.93,0:16.66,0:01.75,4:27.09,25343356,5377736,1267081
fedora19,master:21823cb466e79540567ad1a43ae6f93d850e4057,2.1_M4.rc2,1:29:46,7:13.29,1:23:43,3:15.39,0:25.87,0:16.81,0:01.65,3:51.51,25346588,5377928,1266931
fedora19,master:21823cb466e79540567ad1a43ae6f93d850e4057,2.1_M4.rc2,1:30:25,7:19.29,1:22:55,3:09.83,0:26.08,0:16.64,0:01.71,4:18.27,25345700,5377756,1267064
fedora19,master:21823cb466e79540567ad1a43ae6f93d850e4057,2.1_M4.rc2,1:29:50,7:03.00,1:23:06,3:05.04,0:25.88,0:16.72,0:01.65,3:59.05,25343556,5377832,1266891
fedora19,master:21823cb466e79540567ad1a43ae6f93d850e4057,2.1_M4.rc2,1:29:10,7:13.59,1:27:40,3:05.86,0:25.97,0:16.79,0:01.65,4:03.33,25345112,5378012,1267026
fedora19,master:21823cb466e79540567ad1a43ae6f93d850e4057,2.1_M4.rc2,1:28:52,7:13.74,1:23:55,3:11.79,0:26.02,0:16.71,0:01.67,4:09.39,25343000,5378052,1267264
fedora19,master:21823cb466e79540567ad1a43ae6f93d850e4057,2.1_M4.rc2,1:28:53,7:06.69,1:23:43,3:12.04,0:25.92,0:16.74,0:01.71,4:12.18,25343776,5377944,1267082
fedora19,master:21823cb466e79540567ad1a43ae6f93d850e4057,2.1_M4.rc2,1:29:09,7:13.56,1:23:29,3:02.34,0:25.97,0:16.77,0:01.73,4:08.43,25343604,5378044,1267015
fedora19,master:21823cb466e79540567ad1a43ae6f93d850e4057,2.1_M4.rc2,1:29:09,7:15.50,1:23:19,3:04.91,0:26.01,0:16.63,0:01.72,4:00.23,25342788,5377748,1266864
fedora19,master:21823cb466e79540567ad1a43ae6f93d850e4057,2.1_M4.rc2,1:29:30,7:12.19,1:22:55,3:01.77,0:25.91,0:16.91,0:01.73,4:23.22,25344148,5378104,1266852
fedora19,master:21823cb466e79540567ad1a43ae6f93d850e4057,2.1_M4.rc2,1:28:53,7:14.67,1:23:18,3:11.35,0:26.02,0:16.75,0:01.74,4:01.10,25342760,5377912,1266743
fedora19,master:21823cb466e79540567ad1a43ae6f93d850e4057,2.1_M4.rc2,1:28:42,7:14.26,1:22:50,3:04.73,0:25.89,0:16.75,0:01.73,3:55.70,25343452,5378064,1266575
fedora19,master:21823cb466e79540567ad1a43ae6f93d850e4057,2.1_M4.rc2,1:29:22,7:13.20,1:23:24,3:05.27,0:25.92,0:16.73,0:01.75,4:01.77,25343744,5377564,1266947
fedora19,master:21823cb466e79540567ad1a43ae6f93d850e4057,2.1_M4.rc2,1:27:56,7:16.03,1:23:17,3:02.49,0:26.04,0:16.77,0:01.66,4:25.59,25343296,5378040,1267116
fedora19,master:21823cb466e79540567ad1a43ae6f93d850e4057,2.1_M4.rc2,1:29:00,7:11.78,1:23:03,3:03.52,0:25.98,0:16.81,0:01.65,4:06.05,25343140,5377692,1266765
fedora19,master:21823cb466e79540567ad1a43ae6f93d850e4057,2.1_M4.rc2,1:28:50,7:13.69,1:23:08,3:09.99,0:26.44,0:16.76,0:01.71,3:53.23,25342504,5377792,1267293
fedora19,master:21823cb466e79540567ad1a43ae6f93d850e4057,2.1_M4.rc2,1:28:16,7:14.20,1:23:19,3:05.23,0:26.00,0:16.81,0:01.71,4:28.96,25343016,5377840,1266821
fedora19,master:21823cb466e79540567ad1a43ae6f93d850e4057,2.1_M4.rc2,1:29:14,7:15.27,1:23:00,3:04.53,0:25.94,0:16.73,0:01.67,4:15.34,25343468,5377900,1267306
